id,code,Link,language,market,title,short_text,long_text,Comments
1,1 Plus 2 Spray Types,https://cdn.cloud.grohe.com/zzh_i/T/TS_/ZZH_TS_1PLUS2SPRAY4C_000_01/original/1280/ZZH_TS_1PLUS2SPRAY4C_000_01.jpg,de,DE,1 Plus 2 Strahlarten,"Kopfbrause: 1 Strahlart, Handbrause: 2 Strahlarten","Kopfbrause: 1 Strahlart, Handbrause: 2 Strahlarten",
2,1 Plus 3 Spray Types,https://cdn.cloud.grohe.com/zzh_i/T/TS_/ZZH_TS_1PLUS3SPRAY4C_000_01/original/1280/ZZH_TS_1PLUS3SPRAY4C_000_01.jpg,de,DE,1 Plus 3 Strahlarten,"Kopfbrause: 1 Strahlart, Handbrause: 3 Strahlarten","Kopfbrause: 1 Strahlart, Handbrause: 3 Strahlarten",
3,140 Swivel Range Limit,https://cdn.cloud.grohe.com/zzh_i/F/FB_/ZZH_FB_140SWIVELRANGE4C_000_01/original/1280/ZZH_FB_140SWIVELRANGE4C_000_01.jpg,de,DE,140° Schwenkbereich,140° Schwenkbegrenzung für flexible Kontrolle,"Müheloses Schwenken für volle Kontrolle, die 140°-Begrenzung verhindert Kollisionen mit umstehenden Gegenständen und Wänden.",
4,150 Swivel Range Limit,https://cdn.cloud.grohe.com/zzh_i/F/FB_/ZZH_FB_150SWIVELRANGE4C_000_01/original/1280/ZZH_FB_150SWIVELRANGE4C_000_01.jpg,de,DE,150° Schwenkbereich,150° Schwenkbegrenzung für flexible Kontrolle,"Müheloses Schwenken für volle Kontrolle, die 150°-Begrenzung verhindert Kollisionen mit umstehenden Gegenständen und Wänden.",
5,180 Comfort Zone,https://cdn.cloud.grohe.com/zzh_i/F/FB_/ZZH_FB_180COMFORTZONE4C_000_01/original/1280/ZZH_FB_180COMFORTZONE4C_000_01.jpg,de,DE,180° Komfortzone,Duscharm schwenkt 180° für flexible Positionierung,"Schaffen Sie eine komfortable, flexible Duschzone mit einem 180° schwenkbaren Arm, der die Ausrichtung der Dusche nach Wunsch ermöglicht.",
6,2 Plus 1 Spray Type,https://cdn.cloud.grohe.com/zzh_i/T/TS_/ZZH_TS_2PLUS1SPRAY4C_000_01/original/1280/ZZH_TS_2PLUS1SPRAY4C_000_01.jpg,de,DE,2 Plus 1 Strahlarten,"Kopfbrause: 2 Strahlarten, Handbrause: 1 Strahlart","Kopfbrause: 2 Strahlarten, Handbrause: 1 Strahlart",
7,2 Plus 2 Spray Types,https://cdn.cloud.grohe.com/zzh_i/T/TS_/ZZH_TS_2PLUS2SPRAY4C_000_01/original/1280/ZZH_TS_2PLUS2SPRAY4C_000_01.jpg,de,DE,2 Plus 2 Strahlarten,Kopf- und Handbrause mit 2 Strahlarten,Kopf- und Handbrause mit 2 Strahlarten,
8,2 Plus 3 Spray Types,https://cdn.cloud.grohe.com/zzh_i/T/TS_/ZZH_TS_2PLUS3SPRAY4C_000_01/original/1280/ZZH_TS_2PLUS3SPRAY4C_000_01.jpg,de,DE,2 Plus 3 Strahlarten,"Kopfbrause: 2 Strahlarten, Handbrause: 3 Strahlarten","Kopfbrause: 2 Strahlarten, Handbrause: 3 Strahlarten",
9,Dual Spray,https://cdn.cloud.grohe.com/zzh_i/F/FB_/ZZH_FB_DUALSPRAY4C_000_01/original/1280/ZZH_FB_DUALSPRAY4C_000_01.jpg,de,DE,Dual Strahl,2 Strahlarten: spritzfrei & kraftvoll,"Der sanfte Laminar-Strahl verhindert Spritzwasser und eignet sich zum Befüllen von Behältern, während der kraftvolle Duschstrahl perfekt für die Reinigung ist.",
10,2 Sprays,https://cdn.cloud.grohe.com/zzh_i/T/TS_/ZZH_TS_2SPRAYS4C_000_01/original/1280/ZZH_TS_2SPRAYS4C_000_01.jpg,de,DE,2 Strahlarten,Brause mit 2 verschiedenen Strahlarten,Brause mit 2 verschiedenen Strahlarten,
11,3 Plus 3 Spray Types,https://cdn.cloud.grohe.com/zzh_i/T/TS_/ZZH_TS_3PLUS3SPRAY4C_000_01/original/1280/ZZH_TS_3PLUS3SPRAY4C_000_01.jpg,de,DE,3 Plus 3 Strahlarten,Kopf- und Handbrause mit 3 Strahlarten,Kopf- und Handbrause mit 3 Strahlarten,
12,3 Sprays,https://cdn.cloud.grohe.com/zzh_i/T/TS_/ZZH_TS_3SPRAYS4C_000_01/original/1280/ZZH_TS_3SPRAYS4C_000_01.jpg,de,DE,3 Strahlarten,Brause mit 3 verschiedenen Strahlarten,Brause mit 3 verschiedenen Strahlarten,
13,360 Swivel Range,https://cdn.cloud.grohe.com/zzh_i/F/FB_/ZZH_FB_360SWIVELRANGE4C_000_01/original/1280/ZZH_FB_360SWIVELRANGE4C_000_01.jpg,de,DE,360° Schwenkbereich,360° Schwenkbereich für maximale Flexibilität,Sanfte Bewegungen und volle Flexibilität in alle Richtungen für eine einfache Handhabung,
14,3L Spare Flush,https://cdn.cloud.grohe.com/zzh_i/F/FB_/ZZH_FB_3LSPAREFLUSH4C_000_01/original/1280/ZZH_FB_3LSPAREFLUSH4C_000_01.jpg,de,DE,3L Reservespülung,3 Liter Reservespülung für zusätzliche Reinigung,Diese 3 Liter-Reservespülung bietet zusätzliche Spülkraft neben der Standardspülung für eine effektive Reinigung bei jeder Nutzung.,
15,90 Swivel Range Limit,https://cdn.cloud.grohe.com/zzh_i/F/FB_/ZZH_FB_90SWIVELRANGE4C_000_01/original/1280/ZZH_FB_90SWIVELRANGE4C_000_01.jpg,de,DE,90° Schwenkbereich,90° Schwenkbereich für flexible Kontrolle,"Volle Kontrolle und flexible Handhabung dank einer leicht drehbaren Armatur, die nicht gegen Objekte oder Wände in der Umgebung stößt.",
16,ActiveMassage Spray,https://cdn.cloud.grohe.com/zzh_i/F/FB_/ZZH_FB_ACTIVEMASSAGESPRAY4C_000_01/original/1280/ZZH_FB_ACTIVEMASSAGESPRAY4C_000_01.jpg,de,DE,ActiveMassage Strahl,"Entspannen dank starkem, pulsierendem Massagestrahl",Kräftig und belebend – dieser Strahl massiert Nacken und Schultern pulsierend und eignet sich auch hervorragend zum Ausspülen von Shampoo.,
17,ActiveRain Spray,https://cdn.cloud.grohe.com/zzh_i/F/FB_/ZZH_FB_ACTIVERAINSPRAY4C_000_01/original/1280/ZZH_FB_ACTIVERAINSPRAY4C_000_01.jpg,de,DE,ActiveRain Strahl,Anregender Strahl zum Ausspülen von Shampoo,Für eine belebende Dusche sorgt dieser Strahl für prickelnde Haut. Er eignet sich perfekt für Nacken- und Schultermassagen und zum Ausspülen von Shampoo.,
18,Adjustable Flush Volume,https://cdn.cloud.grohe.com/zzh_i/F/FB_/ZZH_FB_ADJFLUSHVOLUME4C_000_01/original/1280/ZZH_FB_ADJFLUSHVOLUME4C_000_01.jpg,de,DE,Einstellbare Spülmenge,"Wassersparende, einstellbare Spülmenge","Einfacher Wasser sparen dank einstellbarer Spülmenge: ca. 3, 6 oder 9 Liter Spülvolumen sind wählbar.",
19,Adjustable Plate,https://cdn.cloud.grohe.com/zzh_i/F/FB_/ZZH_FB_ADJUSTABLEPLATE4C_000_01/original/1280/ZZH_FB_ADJUSTABLEPLATE4C_000_01.jpg,de,DE,Ausrichtbare Rosette,6° drehbare Rosette für flexible Montage,"Um bis zu 6° flexibel, erleichtert diese einstellbare Rosette die Installation, selbst wenn die Vorinstallation nicht exakt horizontal ist.",
20,Adjustable Rail Holder,https://cdn.cloud.grohe.com/zzh_i/F/FB_/ZZH_FB_ADJUSTABLERAILHOLDER4C_000_01/original/1280/ZZH_FB_ADJUSTABLERAILHOLDER4C_000_01.jpg,de,DE,Verstellbarer Brausehalter,Dreh- und Gleit-Brausehalter für einfache Handhabung,Bringen Sie Ihre Dusche perfekt in Position und passen Sie sie einfach und schnell an! Die Dreh-Gleit-Funktion des Halters ermöglicht eine mühelose Einstellung.,
21,Adjustable Shower Arm,https://cdn.cloud.grohe.com/zzh_i/T/TS_/ZZH_TS_ADJSHOWERARM4C_000_01/original/1280/ZZH_TS_ADJSHOWERARM4C_000_01.jpg,de,DE,Verstellbarer Duscharm,Verstellbarer Duscharm,Verstellbarer Duscharm,
22,Adjustable Spray Pressure,https://cdn.cloud.grohe.com/zzh_i/T/TS_/ZZH_TS_ADJSPRAYPRESSURE4C_000_01/original/1280/ZZH_TS_ADJSPRAYPRESSURE4C_000_01.jpg,de,DE,Einstellbarer Strahldruck,Wählen Sie Ihren idealen Strahldruck,Wählen Sie Ihren idealen Strahldruck,
23,Adjustable Water Temperature,https://cdn.cloud.grohe.com/zzh_i/T/TS_/ZZH_TS_ADJWATERTEMP4C_000_01/original/1280/ZZH_TS_ADJWATERTEMP4C_000_01.jpg,de,DE,Einstellbare Wassertemperatur,Wählen Sie Ihre ideale Wassertemperatur,Wählen Sie Ihre ideale Wassertemperatur,
24,Air Dryer,https://cdn.cloud.grohe.com/zzh_i/F/FB_/ZZH_FB_AIRDRYER4C_000_01/original/1280/ZZH_FB_AIRDRYER4C_000_01.jpg,de,DE,Warmluft-Trocknung,Schnell und dennoch sanft trocknend,"Sanftes, aber schnelles Trocknen mit temperierbarer Warmluft für mehr Hygiene und Komfort.",
25,Antibacterial Spray Nozzle,https://cdn.cloud.grohe.com/zzh_i/F/FB_/ZZH_FB_ANTIBACSPRAYNOZZLE4C_000_01/original/1280/ZZH_FB_ANTIBACSPRAYNOZZLE4C_000_01.jpg,de,DE,Antibakterieller Duscharm,"Duscharm aus 99,9 % antibakteriellem Material","Aus 99,9 % antibakteriellem Material gefertigt, widersteht die Düse Schmutz und Keimen für maximale Sauberkeit.",
26,Automatic Flush,https://cdn.cloud.grohe.com/zzh_i/F/FB_/ZZH_FB_AUTOMATICFLUSH4C_000_01/original/1280/ZZH_FB_AUTOMATICFLUSH4C_000_01.jpg,de,DE,Automatische Spülung,Berührungslose Automatikspülung für mehr Hygiene,Ein integrierter Infrarotsensor ermöglicht eine berührungslose Bedienung und erhöht so die Hygiene.,
27,Automatic Open And Close,https://cdn.cloud.grohe.com/zzh_i/F/FB_/ZZH_FB_AUTOMATICOPENCLOSE4C_000_01/original/1280/ZZH_FB_AUTOMATICOPENCLOSE4C_000_01.jpg,de,DE,Automatisches Öffnen & Schließen,Automatisches Öffnen/Schließen von Sitz und Deckel,Hände sauber halten: Sensor öffnet Sitz und Deckel (oder nur Deckel) beim Nähern und schließt wieder beim Entfernen.,
28,Comfort Spray,https://cdn.cloud.grohe.com/zzh_i/F/FB_/ZZH_FB_COMFORTSPRAY4C_000_01/original/1280/ZZH_FB_COMFORTSPRAY4C_000_01.jpg,de,DE,Komfort Strahl,Pulsierender Strahl für angenehme Reinigung,"Wechselt zwischen sanften und kräftigen Strahlen für einen pulsierenden Effekt, der ein sauberes und erfrischtes Gefühl hinterlässt.",
29,Designed & Engineered In Germany,https://cdn.cloud.grohe.com/zzh_i/M/ME_/ZZH_ME_DESIGNEDGER4C_000_01/original/1280/ZZH_ME_DESIGNEDGER4C_000_01.jpg,de,DE,Entworfen & entwickelt in Deutschland,Designed & Engineered in Germany,Designed & Engineered in Germany,
30,Dual Flush,https://cdn.cloud.grohe.com/zzh_i/F/FB_/ZZH_FB_DUALFLUSH4C_000_01/original/1280/ZZH_FB_DUALFLUSH4C_000_01.jpg,de,DE,Dual Flush,Zwei Spüloptionen: Voll- und Wassersparspülung,Reduzieren Sie den WC-Wasserverbrauch um bis zu 50%! Mit zwei Tasten für Voll- und Eco-Spülung sowie eine Stoppfunktion über die kleine Taste.,
31,Easy To Connect,https://cdn.cloud.grohe.com/zzh_i/F/FB_/ZZH_FB_EASYTOCONNECT4C_000_01/original/1280/ZZH_FB_EASYTOCONNECT4C_000_01.jpg,de,DE,Einfach zu verbinden,Steckanschluss – einfache Montage der Spülplatte,Kein Messen und Schneiden mehr – Ablassventil und Spülplatte lassen sich mit dem Easy-Fit-Pneumatiksystem einfach einstecken.,
32,Easy Release Aerator,https://cdn.cloud.grohe.com/zzh_i/F/FB_/ZZH_FB_EASYRELEASEAERATOR4C_000_01/original/1280/ZZH_FB_EASYRELEASEAERATOR4C_000_01.jpg,de,DE,Leicht austauschbarer Mousseur,Werkzeugloser Tausch und Wartung des Strahlreglers,Der Austausch oder die Reinigung des Strahlreglers ist einfach und erfordert kein Werkzeug – er lässt sich in wenigen Sekunden mit einer Münze abschrauben.,
33,Easy Docking Function,https://cdn.cloud.grohe.com/zzh_i/F/FB_/ZZH_FB_EASYDOCKINGFUNCTION4C_000_01/original/1280/ZZH_FB_EASYDOCKINGFUNCTION4C_000_01.jpg,de,DE,Einfaches Rückführen und Andocken,Einfaches Andocken für den ausziehbaren Auslauf,"Genießen Sie die flexible Bedienung dank eines ausziehbaren Auslaufs, der nach Gebrauch sanft zurückgleitet und leicht andockt.",
34,EcoMode,https://cdn.cloud.grohe.com/zzh_i/F/FB_/ZZH_FB_ECOMODE4C_000_01/original/1280/ZZH_FB_ECOMODE4C_000_01.jpg,de,DE,EcoMode,Kaltwasser in mittlerer Hebelstellung spart Energie,Energiesparen leicht gemacht: In der Mittelstellung fließt ausschließlich kaltes Wasser – das senkt den Energieverbrauch und die Kosten.,
35,Exchangable Spray Head,https://cdn.cloud.grohe.com/zzh_i/F/FB_/ZZH_FB_EXCHANGESPRAYHEAD4C_000_01/original/1280/ZZH_FB_EXCHANGESPRAYHEAD4C_000_01.jpg,de,DE,Austauschbarer Brausekopf,Austauschbarer Brausekopf für einfache Wartung,Für eine unkomplizierte Pflege lässt sich der Brausekopf mühelos austauschen oder durch einen anderen ersetzen.,
36,Flexible Installation,https://cdn.cloud.grohe.com/zzh_i/F/FB_/ZZH_FB_FLEXINSTALLATION4C_000_01/original/1280/ZZH_FB_FLEXINSTALLATION4C_000_01.jpg,de,DE,Flexible Installation,1 verstellbare Halterung für vorhandene Bohrlöcher,Neue Duschstange einfach montieren: Dank höhenverstellbarer Halterung zur Nutzung vorhandener Bohrlöcher ist die Installation besonders flexibel,
37,Flexible Installation Plus,https://cdn.cloud.grohe.com/zzh_i/F/FB_/ZZH_FB_FLEXINSTALLATIONPLUS4C_000_01/original/1280/ZZH_FB_FLEXINSTALLATIONPLUS4C_000_01.jpg,de,DE,Flexible Installation Plus,2 verstellbare Halterungen für vorhandene Bohrlöcher,Maximale Flexibilität bei der Montage: Dank zwei höhenverstellbarer Halterungen zur Nutzung vorhandener Bohrlöcher ist die Installation besonders flexibel.,
38,GROHE EcoJoy,https://cdn.cloud.grohe.com/zzh_i/F/FB_/ZZH_FB_ECOJOY4C_000_01/original/1280/ZZH_FB_ECOJOY4C_000_01.jpg,de,DE,GROHE EcoJoy,Optimaler Durchfluss bei geringem Wasserverbrauch,"Deutlich weniger Wasser verbrauchen, ohne auf Leistung zu verzichten – für optimalen Durchfluss bei gleichzeitiger Schonung von Ressourcen und Budget.",
39,GROHE AquaCeramic,https://cdn.cloud.grohe.com/zzh_i/A/AI_/ZZH_AI_AQUACERAMIC4C_000_01/original/1280/ZZH_AI_AQUACERAMIC4C_000_01.jpg,de,DE,GROHE AquaCeramic,Schmutz- und kalkabweisende Antihaft-Beschichtung,"Die leicht zu reinigende, ultraglatte Oberfläche reduziert Rückstände und Kalkablagerungen in Ihrem WC für mehr Hygiene und mühelose Reinigung.",
40,GROHE Aquadimmer Bath,https://cdn.cloud.grohe.com/zzh_i/F/FB_/ZZH_FB_AQUADIMMERBATH4C_000_01/original/1280/ZZH_FB_AQUADIMMERBATH4C_000_01.jpg,de,DE,GROHE Aquadimmer Bad,Durchfluss der Ausläufe mit einer Drehung einstellen,Mühelos zwischen Brause und Badewanne wechseln und gleichzeitig Durchfluss und Temperatur über einen einzigen Griff steuern.,
41,GROHE Aquadimmer Shower,https://cdn.cloud.grohe.com/zzh_i/F/FB_/ZZH_FB_AQUADIMMERSHOWER4C_000_01/original/1280/ZZH_FB_AQUADIMMERSHOWER4C_000_01.jpg,de,DE,GROHE Aquadimmer Dusche,Brause wählen und Durchfluss per Drehung steuern,Einfach zwischen Hand- und Kopfbrause wechseln und gleichzeitig Durchfluss und Temperatur über einen einzigen Griff regeln.,
42,GROHE AquaGuide,https://cdn.cloud.grohe.com/zzh_i/F/FB_/ZZH_FB_AQUAGUIDE4C_000_01/original/1280/ZZH_FB_AQUAGUIDE4C_000_01.jpg,de,DE,GROHE AquaGuide,"Verstellbarer Strahlregler, optimaler Wasserfluss",Kein Spritzen mehr: Der verstellbare Strahlregler ermöglicht die exakte Ausrichtung des Wasserflusses auf Form und Tiefe des Beckens.,
43,GROHE CoolTouch,https://cdn.cloud.grohe.com/zzh_i/A/AI_/ZZH_AI_COOLTOUCH4C_000_01/original/1280/ZZH_AI_COOLTOUCH4C_000_01.jpg,de,DE,GROHE CoolTouch,Sichere Oberfläche – schützt vor Verbrühungen,Das Thermostatgehäuse bleibt dank integrierter Kühlkanäle berührungssicher und verhindert Verbrühungen. Ideal für Familienbäder!,
44,GROHE DreamSpray,https://cdn.cloud.grohe.com/zzh_i/A/AI_/ZZH_AI_DREAMSPRAY4C_000_01/original/1280/ZZH_AI_DREAMSPRAY4C_000_01.jpg,de,DE,GROHE DreamSpray,Gleichmäßiger Wasserfluss für alle Strahlarten,"Erleben Sie Duschen auf höchstem Niveau: Modernste Technik garantiert gleichmäßige Wasserverteilung aus allen Düsen, bei allen Strahlarten.",
45,GROHE Dual Nozzle,https://cdn.cloud.grohe.com/zzh_i/A/AI_/ZZH_AI_DUALNOZZLE4C_000_01/original/1280/ZZH_AI_DUALNOZZLE4C_000_01.jpg,de,DE,GROHE Dual Nozzle,"2 Strahlarme für individuelles, gründliches Reinigen","2 Strahlarme für eine sanfte, intime Reinigung. Die Intim- und die Gesäßdusche bieten verschiedene Strahlwinkel, die für Komfort und Temperatur einstellbar sind.",
46,GROHE EasyReach,https://cdn.cloud.grohe.com/zzh_i/F/FB_/ZZH_FB_EASYREACH4C_000_01/original/1280/ZZH_FB_EASYREACH4C_000_01.jpg,de,DE,GROHE EasyReach,Praktische Ablage für Duschzubehör,"Shampoo, Duschgel oder Schwamm stets griffbereit – die flache Ablagefläche ist leicht zu reinigen und besonders pflegeleicht.",
47,EcoButton,https://cdn.cloud.grohe.com/zzh_i/F/FB_/ZZH_FB_ECOBUTTON4C_000_01/original/1280/ZZH_FB_ECOBUTTON4C_000_01.jpg,de,DE,EcoButton,Per Knopfdruck von Wassersparen auf vollen Durchfluss,Per Knopfdruck zwischen einstellbarem Eco-Durchfluss zur Reduzierung des Wasserverbrauchs und voller Durchflussmenge wechseln.,
48,Eco-Override-Stop,https://cdn.cloud.grohe.com/zzh_i/F/FB_/ZZH_FB_ECOOVERRIDESTOP4C_000_01/original/1280/ZZH_FB_ECOOVERRIDESTOP4C_000_01.jpg,de,DE,Eco-Override-Stop,Hebelwiderstand für Wassersparen,"Wasser sparen wird intuitiver: Der Hebel bietet einen leichten Widerstand, wenn Sie ihn über die effiziente Durchflussrate hinaus bewegen.",
49,FastFixation,https://cdn.cloud.grohe.com/zzh_i/F/FB_/ZZH_FB_FASTFIXATION4C_000_01/original/1280/ZZH_FB_FASTFIXATION4C_000_01.jpg,de,DE,FastFixation,Schnelles und einfaches Installationssystem,Mit dem FastFixation System und klaren Schritt-für-Schritt-Anleitungen ist die neue Armatur bis zu 40 % schneller montiert – mit minimalem Aufwand.,
50,FastFixation Plus,https://cdn.cloud.grohe.com/zzh_i/F/FB_/ZZH_FB_FASTFIXATIONPLUS4C_000_01/original/1280/ZZH_FB_FASTFIXATIONPLUS4C_000_01.jpg,de,DE,FastFixation Plus,Schneller montiert als je zuvor,Mit den super einfachen und effizienten Installationslösungen von GROHE montieren Sie Ihre Armatur besonders schnell,
51,GROHE HyperClean,https://cdn.cloud.grohe.com/zzh_i/A/AI_/ZZH_AI_HYPERCLEAN4C_000_01/original/1280/ZZH_AI_HYPERCLEAN4C_000_01.jpg,de,DE,GROHE HyperClean,Die Hygieneglasur widersteht 99 % der Bakterien,Genießen Sie verbesserte Hygiene und mühelose Reinigung. Die strapazierfähige Oberfläche widersteht 99 % der Bakterien und sorgt für ein keimfreies Badezimmer.,
52,GROHE IR Sensor,https://cdn.cloud.grohe.com/zzh_i/A/AI_/ZZH_AI_IRSENSOR4C_000_01/original/1280/ZZH_AI_IRSENSOR4C_000_01.jpg,de,DE,GROHE IR Sensor,Hygienische Bedienung über Infrarotsensor,Verbessert Hygiene durch Sensorsteuerung – ein Infrarotsensor aktiviert den Wasserfluss ohne Berührung und reduziert so den Reinigungsaufwand und den Verbrauch.,
53,GROHE LongLife Finish,https://cdn.cloud.grohe.com/zzh_i/F/FB_/ZZH_FB_LONGLIFEFINISH4C_000_01/original/1280/ZZH_FB_LONGLIFEFINISH4C_000_01.jpg,de,DE,GROHE LongLife Finish,Eine strapazierfähige und pflegeleichte Oberfläche,Die mehrlagige Beschichtung bietet außergewöhnliche Langlebigkeit und lässt sich mit einem einfachen Wisch sauber und makellos halten.,
54,GROHE ProGrip,https://cdn.cloud.grohe.com/zzh_i/F/FB_/ZZH_FB_PROGRIP4C_000_01/original/1280/ZZH_FB_PROGRIP4C_000_01.jpg,de,DE,GROHE ProGrip,"Strukturierte, griffige Oberfläche",Die gerändelte Oberfläche ermöglicht eine komfortable Bedienung – selbst mit nassen oder seifigen Händen.,
55,GROHE Purefoam,https://cdn.cloud.grohe.com/zzh_i/A/AI_/ZZH_AI_PUREFOAM4C_000_01/original/1280/ZZH_AI_PUREFOAM4C_000_01.jpg,de,DE,GROHE Purefoam,"Umhüllender, warmer Schaum auf Knopfdruck","Erzeugen Sie auf Knopfdruck warmen, sanft reinigenden Schaum. Die Aktivierung, Reinigung und der Batteriestatus werden über das GROHE Purefoam Gerät gesteuert.",
56,GROHE PureGuard,https://cdn.cloud.grohe.com/zzh_i/A/AI_/ZZH_AI_PUREGUARD4C_000_01/original/1280/ZZH_AI_PUREGUARD4C_000_01.jpg,de,DE,,,,
57,GROHE QuickGlue,https://cdn.cloud.grohe.com/zzh_i/L/LOG/ZZH_LOGO_GLUEORSCREW4C_000_02/original/1280/ZZH_LOGO_GLUEORSCREW4C_000_02.jpg,de,DE,Glue Or Screw ,Kleben oder Bohren,"Glue or screw? Just choose your preferred fitting for holders, rails and accessories! Glueing works for tiles, marble, stone, glass, concrete, plastic or metal.",
58,GROHE QuickMount,https://cdn.cloud.grohe.com/zzh_i/L/LOG/ZZH_LOGO_QUICKMOUNT4C_000_02/original/1280/ZZH_LOGO_QUICKMOUNT4C_000_02.jpg,de,DE,GROHE QuickMount,One-stage system for swift kitchen tap fitting,Faster fitting that uses a simple shaft-coupling system that cuts the installation time by up to 70%. No other tools needed!,
59,GROHE QuickSpanner,https://cdn.cloud.grohe.com/zzh_i/L/LOG/ZZH_LOGO_QUICKSPANNER4C_000_02/original/1280/ZZH_LOGO_QUICKSPANNER4C_000_02.jpg,de,DE,GROHE QuickSpanner,Smart multi-tool for wall-mounted installation,"Fix a shower and bath mixer or thermostat to the wall connections, adjust temperature and flow, or change the aerator, all with one tool.",
60,GROHE QuickTool,https://cdn.cloud.grohe.com/zzh_i/L/LOG/ZZH_LOGO_QUICKTOOL4C_000_02/original/1280/ZZH_LOGO_QUICKTOOL4C_000_02.jpg,de,DE,GROHE QuickTool,Multi-tool for swift tap fitting,"Save time installing your tap with just one tool. Tighten fastenings, tighten the connection hoses and remove the aerator for maintenance.",
61,GROHE Rain O2 Spray,https://cdn.cloud.grohe.com/zzh_i/F/FB_/ZZH_FB_RAINO2SPRAY4C_000_01/original/1280/ZZH_FB_RAINO2SPRAY4C_000_01.jpg,de,DE,GROHE Rain O2 Strahl,"Sanfter, wohltuender mit luftangereicherter GROHE Rain O² Strahl","Durch die Mischung von Luft und Wasser entsteht ein besonders weicher, großzügiger Strahl – für ein angenehm sanftes Duscherlebnis.",
62,GROHE SafeStop,https://cdn.cloud.grohe.com/zzh_i/F/FB_/ZZH_FB_SAFESTOP4C_000_01/original/1280/ZZH_FB_SAFESTOP4C_000_01.jpg,de,DE,GROHE SafeStop,Verbrühschutz mit Temperaturbegrenzung und Entriegelung,Für maximale Sicherheit: Eine kindersichere 38 °C-Temperatursperre schützt vor versehentlichem Verbrühen. Höhere Temperaturen können per Knopfdruck erreicht werden.,
63,GROHE SafeStop Plus,https://cdn.cloud.grohe.com/zzh_i/F/FB_/ZZH_FB_SAFESTOPPLUS4C_000_01/original/1280/ZZH_FB_SAFESTOPPLUS4C_000_01.jpg,de,DE,GROHE SafeStop Plus,Optionale zweite Temperaturbegrenzung bei 43 °C,Zusätzlicher Schutz für das Familienbad: Eine optionale zweite Temperaturbegrenzung begrenzt die Wassertemperatur auf maximal 43 °C.,
64,GROHE SafeStop Plus 50,https://cdn.cloud.grohe.com/zzh_i/F/FB_/ZZH_FB_SAFESTOPPLUS504C_000_01/original/1280/ZZH_FB_SAFESTOPPLUS504C_000_01.jpg,de,DE,GROHE SafeStop Plus 50,Optionale zweite Temperaturbegrenzung bei 50 °C,Zusätzlicher Schutz für das Familienbad: Eine optionale zweite Temperaturbegrenzung begrenzt die Wassertemperatur auf maximal 50 °C.,
65,GROHE Safety,https://cdn.cloud.grohe.com/zzh_i/F/FB_/ZZH_FB_SAFETY4C_000_01/original/1280/ZZH_FB_SAFETY4C_000_01.jpg,de,DE,GROHE Safety,"Stabiler, sicherer Rahmen - bis zu 400kg belastbar",Robust und zuverlässig: Die GROHE Rapid SL und Solido Installationssysteme für Wand-WCs können mit bis zu 400 kg belastet werden.,
66,GROHE ShockProof,https://cdn.cloud.grohe.com/zzh_i/F/FB_/ZZH_FB_SHOCKPROOF4C_000_01/original/1280/ZZH_FB_SHOCKPROOF4C_000_01.jpg,de,DE,GROHE ShockProof,Silikonring schützt die Brause bei Herunterfallen,Ein integrierter Silikonring schützt die Handbrause und die Umgebung vor Beschädigungen bei versehentlichem Herunterfallen.,
67,GROHE SilkMove,https://cdn.cloud.grohe.com/zzh_i/A/AI_/ZZH_AI_SILKMOVE4C_000_01/original/1280/ZZH_AI_SILKMOVE4C_000_01.jpg,de,DE,GROHE SilkMove,"Sanfte, langlebige Bedienung des Hebels",Die fortschrittliche Kartuschentechnologie ermöglicht eine sanfte und leichtgängige Bedienung des Hebels – für die gesamte Lebensdauer Ihrer Armatur.,
68,GROHE SmartControl,https://cdn.cloud.grohe.com/zzh_i/A/AI_/ZZH_AI_SMARTCONTROL4C_000_01/original/1280/ZZH_AI_SMARTCONTROL4C_000_01.jpg,de,DE,GROHE SmartControl,Steuerung per intuitivem Drück-/Drehknopf,"Intuitive Bedienung für höchsten Duschkomfort. Starten, stoppen und regulieren Sie den Wasserfluss mit einem einfachen Drücken oder Drehen.",
69,GROHE SmartSwitch,https://cdn.cloud.grohe.com/zzh_i/A/AI_/ZZH_AI_SMARTSWITCH4C_000_01/original/1280/ZZH_AI_SMARTSWITCH4C_000_01.jpg,de,DE,GROHE SmartSwitch,Strahlart per Drehknopf wechseln,Wechseln Sie mühelos zwischen verschiedenen Strahlarten mit dem Drehknopf am hinteren Teil der Handbrause.,
70,GROHE SmartTip,https://cdn.cloud.grohe.com/zzh_i/A/AI_/ZZH_AI_SMARTTIP4C_000_01/original/1280/ZZH_AI_SMARTTIP4C_000_01.jpg,de,DE,GROHE SmartTip,Strahlart per Fingertipp auswählen,SmartTip auf der Rückseite der Handbrause ermöglicht die Auswahl des Lieblingsstrahls per Fingertipp.,
71,GROHE SmoothControl,https://cdn.cloud.grohe.com/zzh_i/F/FB_/ZZH_FB_SMOOTHCONTROL4C_000_01/original/1280/ZZH_FB_SMOOTHCONTROL4C_000_01.jpg,de,DE,GROHE SmoothControl,"Sanfte, präzise und langlebige Bedienung","Präzise Bedienung mit minimalem Kraftaufwand, dauerhaft zuverlässig: Die GROHE SmoothControl Kartuschentechnologie sorgt für volle Kontrolle.",
72,GROHE SpeedClean,https://cdn.cloud.grohe.com/zzh_i/F/FB_/ZZH_FB_SPEEDCLEAN4C_000_01/original/1280/ZZH_FB_SPEEDCLEAN4C_000_01.jpg,de,DE,GROHE SpeedClean,Mühelose Kalkentfernung,Dank der Silikondüsen lässt sich Kalk ganz einfach mit einem Finger abrubbeln – für besonders leichte Reinigung.,
73,GROHE SprayDimmer,https://cdn.cloud.grohe.com/zzh_i/F/FB_/ZZH_FB_SPRAYDIMMER4C_000_01/original/1280/ZZH_FB_SPRAYDIMMER4C_000_01.jpg,de,DE,GROHE SprayDimmer,Stufenlose Durchflussregulierung über Schieberegler,Reduziert den Wasserverbrauch um bis zu 40 % und ermöglicht dennoch ein luxuriöses Duscherlebnis dank stufenloser Einstellung.,
74,GROHE TileFix,https://cdn.cloud.grohe.com/zzh_i/F/FB_/ZZH_FB_TILEFIX4C_000_01/original/1280/ZZH_FB_TILEFIX4C_000_01.jpg,de,DE,GROHE TileFix,Tiefenverstellbare Halterung für teilgeflieste Wände,"Die Tiefe der oberen und unteren Halterungen lässt sich um bis zu 1,6 cm anpassen – für eine schnelle und einfache Montage auch bei teilgefliesten Wänden.",
75,GROHE TripleVortex,https://cdn.cloud.grohe.com/zzh_i/A/AI_/ZZH_AI_TRIPLEVORTEX4C_000_01/original/1280/ZZH_AI_TRIPLEVORTEX4C_000_01.jpg,de,DE,GROHE TripleVortex,Starke Dreifach-Spülung für gründliche Reinigung,"Das innovative 3-Strahl-Design erzeugt eine kraftvolle, leise und hygienische Wirbelspülung, die die gesamte WC-Innenschüssel perfekt reinigt.",
76,GROHE TurboStat,https://cdn.cloud.grohe.com/zzh_i/A/AI_/ZZH_AI_TURBOSTAT4C_000_01/original/1280/ZZH_AI_TURBOSTAT4C_000_01.jpg,de,DE,GROHE TurboStat,Zuverlässige Wassertemperatur ohne Schwankungen,"Die Thermostat-Technologie sorgt dafür, dass das Wasser konstant die gewünschte Temperatur hält und gleichzeitig Wasser und Energie gespart wird.",
77,GROHE Whisper,https://cdn.cloud.grohe.com/zzh_i/A/AI_/ZZH_AI_WHISPER4C_000_01/original/1280/ZZH_AI_WHISPER4C_000_01.jpg,de,DE,GROHE Whisper,Weniger Geräuschübertragung für leiseres Spülen,Durchdachte Befestigungen und entkoppelte Rohrleitungen verhindern Geräuschübertragung in angrenzende Räume beim Spülen.,
78,High Spout,https://cdn.cloud.grohe.com/zzh_i/T/TS_/ZZH_TS_HIGHSPOUT4C_000_01/original/1280/ZZH_TS_HIGHSPOUT4C_000_01.jpg,de,DE,Hoher Auslauf,Hoher Auslauf für einfaches Befüllen und Reinigen,Hoher Auslauf für einfaches Befüllen und Reinigen,
79,Installation Depth,https://cdn.cloud.grohe.com/zzh_i/T/TS_/ZZH_TS_INSTALLATIONDEPTH4C_000_01/original/1280/ZZH_TS_INSTALLATIONDEPTH4C_000_01.jpg,de,DE,Einbautiefe,75 mm Einbautiefe,75 mm Einbautiefe,
80,Jet Spray,https://cdn.cloud.grohe.com/zzh_i/F/FB_/ZZH_FB_JETSPRAY4C_000_01/original/1280/ZZH_FB_JETSPRAY4C_000_01.jpg,de,DE,Jet Strahl,Belebender Jetstrahl – auch ideal zur Reinigung,"Dieser gezielte Strahl sorgt für eine dynamische, belebende Massage und eignet sich ebenso hervorragend zur kraftvollen Reinigung von Badewanne oder Dusche.",
81,L Size,https://cdn.cloud.grohe.com/zzh_i/T/TS_/ZZH_TS_LSIZE4C_000_01/original/1280/ZZH_TS_LSIZE4C_000_01.jpg,de,DE,L-Size,Längerer Auslauf für bessere Handhabung,Längerer Auslauf für bessere Handhabung,
82,Protected Water Ways,https://cdn.cloud.grohe.com/zzh_i/F/FB_/ZZH_FB_PROTECTEDWATERWAYS4C_000_01/original/1280/ZZH_FB_PROTECTEDWATERWAYS4C_000_01.jpg,de,DE,Geschützte Wasserwege,Kein Wasserkontakt mit Blei oder Nickel im Armaturinneren,Dank fortschrittlicher Isolierung kommt das Wasser im Inneren der Armatur nicht mit Blei oder Nickel in Kontakt – für besonders reines Wasser.,
83,LongLife Battery,https://cdn.cloud.grohe.com/zzh_i/F/FB_/ZZH_FB_LONGLIFEBATTERY4C_000_01/original/1280/ZZH_FB_LONGLIFEBATTERY4C_000_01.jpg,de,DE,LongLife Batterie,Batterielaufzeit von bis zu sieben Jahren,Ausgelegt für eine Laufzeit von bis zu sieben Jahren und getestet für bis zu 150 Auslösungen pro Tag.,
84,Low Pressure,https://cdn.cloud.grohe.com/zzh_i/T/TS_/ZZH_TS_LOWPRESSURE4C_000_01/original/1280/ZZH_TS_LOWPRESSURE4C_000_01.jpg,de,DE,Niederdruck,"Für Niederdrucksysteme unter 0,2 bar","Für Niederdrucksysteme unter 0,2 bar",
85,Low Spout,https://cdn.cloud.grohe.com/zzh_i/T/TS_/ZZH_TS_LOWSPOUT4C_000_01/original/1280/ZZH_TS_LOWSPOUT4C_000_01.jpg,de,DE,Flacher Auslauf,Niedriger Auslauf für spritzfreies Spülen,Niedriger Auslauf für spritzfreies Spülen,
86,Lozenge 360mm,https://cdn.cloud.grohe.com/zzh_i/T/TS_/ZZH_TS_LOZENGE3604C_000_01/original/1280/ZZH_TS_LOZENGE3604C_000_01.jpg,de,DE,360 mm Oval,360 mm ovale Brauseform,360 mm ovale Brauseform,
87,M Size,https://cdn.cloud.grohe.com/zzh_i/T/TS_/ZZH_TS_MSIZE4C_000_01/original/1280/ZZH_TS_MSIZE4C_000_01.jpg,de,DE,M-Size,Mittelhoher Auslauf für einfachen Zugang,Mittelhoher Auslauf für einfachen Zugang,
88,Made in Germany,https://cdn.cloud.grohe.com/zzh_i/M/ME_/ZZH_ME_MADEGER4C_000_01/original/1280/ZZH_ME_MADEGER4C_000_01.jpg,de,DE,Made in Germany,Made in Germany,Made in Germany,
89,MagneticDocking,https://cdn.cloud.grohe.com/zzh_i/F/FB_/ZZH_FB_MAGNETICDOCKING4C_000_01/original/1280/ZZH_FB_MAGNETICDOCKING4C_000_01.jpg,de,DE,MagneticDocking,Einfaches Andocken mit Magnet,Sicher und komfortabel: Der Auslauf gleitet nach Gebrauch sanft zurück und dockt dank Magnet zuverlässig an.,
90,Massage Spray,https://cdn.cloud.grohe.com/zzh_i/F/FB_/ZZH_FB_MASSAGESPRAY4C_000_01/original/1280/ZZH_FB_MASSAGESPRAY4C_000_01.jpg,de,DE,Massage Strahl,Pulsierender Massagestrahl,"Entspannen Sie sich unter dem sanft pulsierenden Massagestrahl – ideal für Kopf-, Nacken- und Schulterbereich.",
91,Medium Spout,https://cdn.cloud.grohe.com/zzh_i/T/TS_/ZZH_TS_MEDIUMSPOUT4C_000_01/original/1280/ZZH_TS_MEDIUMSPOUT4C_000_01.jpg,de,DE,Mittelhoher Auslauf,Mittlerer Auslauf für komfortable Flexibilität,Mittlerer Auslauf für komfortable Flexibilität,
92,Metal Shower Head,https://cdn.cloud.grohe.com/zzh_i/T/TS_/ZZH_TS_METALSHOWERHEAD4C_000_01/original/1280/ZZH_TS_METALSHOWERHEAD4C_000_01.jpg,de,DE,,,,
93,MetalGrip,https://cdn.cloud.grohe.com/zzh_i/T/TS_/ZZH_TS_METALGRIP4C_000_01/original/1280/ZZH_TS_METALGRIP4C_000_01.jpg,de,DE,Metallgriffe,"Langlebige, hochwertige Griffe aus Metall","Langlebige, hochwertige Griffe aus Metall",
94,Night Light,https://cdn.cloud.grohe.com/zzh_i/F/FB_/ZZH_FB_NIGHTLIGHT4C_000_01/original/1280/ZZH_FB_NIGHTLIGHT4C_000_01.jpg,de,DE,Nachtlicht,Nachtlicht mit Bewegungsmelder,"Ein sanftes Licht zur dezenten Orientierung bei Nacht, aktiviert durch einen Bewegungssensor.",
95,Oscillating Spray,https://cdn.cloud.grohe.com/zzh_i/F/FB_/ZZH_FB_OSCILLATINGSPRAY4C_000_01/original/1280/ZZH_FB_OSCILLATINGSPRAY4C_000_01.jpg,de,DE,Oszillierender Strahl,Oszillierender Strahl für sanfte Reinigung,"Der sanft oszillierende Strahl sorgt für eine natürliche, effektive Reinigung mit optimaler Flächenabdeckung.",
96,Pop-up Waste Set,https://cdn.cloud.grohe.com/zzh_i/T/TS_/ZZH_TS_POPUPWASTE4C_000_01/original/1280/ZZH_TS_POPUPWASTE4C_000_01.jpg,de,DE,Zugstangen-Ablaufgarnitur,Zugstangen-Ablaufgarnitur für hygienische Benutzung,Zugstangen-Ablaufgarnitur für hygienische Benutzung,
97,Pressure Resistance 5 bar,https://cdn.cloud.grohe.com/zzh_i/T/TS_/ZZH_TS_PRESSURERESISTANCE5BAR4C_000_01/original/1280/ZZH_TS_PRESSURERESISTANCE5BAR4C_000_01.jpg,de,DE,Druckbeständigkeit (5 bar),Druckbeständigkeit bis 5 bar,Druckbeständigkeit bis 5 bar,
98,Professional Spray,https://cdn.cloud.grohe.com/zzh_i/F/FB_/ZZH_FB_PROFESSIONALSPRAY4C_000_01/original/1280/ZZH_FB_PROFESSIONALSPRAY4C_000_01.jpg,de,DE,Professional Strahl,"Flexibler, federgeführter 360°-Schwenkarm",Diese Profi-Armatur verfügt über einen federgeführten Arm mit 360°-Schwenkbereich für maximale Kontrolle und Flexibilität.,
99,Pull-Out,https://cdn.cloud.grohe.com/zzh_i/F/FB_/ZZH_FB_PULLOUT4C_000_01/original/1280/ZZH_FB_PULLOUT4C_000_01.jpg,de,DE,Herausziehbar,Herausziehbarer Auslauf für mehr Flexibilität,Der ausziehbare Auslauf vergrößert den Aktionsradius und bietet maximale Flexibilität beim Spülen und Reinigen.,
100,PureRain Spray,https://cdn.cloud.grohe.com/zzh_i/F/FB_/ZZH_FB_PURERAINSPRAY4C_000_01/original/1280/ZZH_FB_PURERAINSPRAY4C_000_01.jpg,de,DE,PureRain Strahl,Entspannender Strahl mit größeren Tropfen,"Entspannen Sie sich unter diesem wohltuenden Strahl, dessen große Tropfen das sanfte Gefühl eines Sommerregens nachahmen sollen.",
101,Push Open Waste Set,https://cdn.cloud.grohe.com/zzh_i/T/TS_/ZZH_TS_PUSHOPENWASTE4C_000_01/original/1280/ZZH_TS_PUSHOPENWASTE4C_000_01.jpg,de,DE,Push-Open-Ablaufgarnitur,Öffnen der Ablaufgarnitur durch einmaliges Drücken,Öffnen der Ablaufgarnitur durch einmaliges Drücken,
102,Quick Release Seat,https://cdn.cloud.grohe.com/zzh_i/F/FB_/ZZH_FB_QUICKRELEASESEAT4C_000_01/original/1280/ZZH_FB_QUICKRELEASESEAT4C_000_01.jpg,de,DE,Quick Release Sitz,WC-Sitz mit Quick Release für einfaches Reinigen,Dank der von oben zugänglichen Schnellverschluss-Scharniere lässt sich der WC-Sitz schnell abnehmen – für eine besonders einfache und hygienische Reinigung.,
103,Rain Spray,https://cdn.cloud.grohe.com/zzh_i/F/FB_/ZZH_FB_RAINSPRAY4C_000_01/original/1280/ZZH_FB_RAINSPRAY4C_000_01.jpg,de,DE,Rain Strahl,"Sanfter, beruhigender Regenstrahl","Dieser weiche, feine Strahl erinnert an warmen Sommerregen und ist ideal, um den Stress des Tages abzuwaschen.",
104,Rear Spray,https://cdn.cloud.grohe.com/zzh_i/T/TS_/ZZH_TS_REARSPRAY4C_000_01/original/1280/ZZH_TS_REARSPRAY4C_000_01.jpg,de,DE,Analbrause,Verstellbarer Duscharm für die sanfte Analreinigung,Verstellbarer Duscharm für die sanfte Analreinigung,
105,Remote Control,https://cdn.cloud.grohe.com/zzh_i/T/TS_/ZZH_TS_REMOTECONTROL4C_000_01/original/1280/ZZH_TS_REMOTECONTROL4C_000_01.jpg,de,DE,Fernbedienung,Bedienung aller Funktionen per Fernbedienung,Bedienung aller Funktionen per Fernbedienung,
106,Rimless Technology,https://cdn.cloud.grohe.com/zzh_i/F/FB_/ZZH_FB_RIMLESSTECHNOLOGY4C_000_01/original/1280/ZZH_FB_RIMLESSTECHNOLOGY4C_000_01.jpg,de,DE,Spülrandlose Technologie,Spülrandloses WC für eine einfache Reinigung,"Das spülrandlose Design erhöht die Hygiene, erleichtert die Reinigung und verbessert gleichzeitig die Spülleistung.",
107,S Size,https://cdn.cloud.grohe.com/zzh_i/T/TS_/ZZH_TS_SSIZE4C_000_01/original/1280/ZZH_TS_SSIZE4C_000_01.jpg,de,DE,S-Size,Standardauslauf für alle gängigen Waschtische,Standardauslauf für alle gängigen Waschtische,
108,Selectable Swivel Range 150,https://cdn.cloud.grohe.com/zzh_i/F/FB_/ZZH_FB_SWIVELRANGE1504C_000_01/original/1280/ZZH_FB_SWIVELRANGE1504C_000_01.jpg,de,DE,Wählbarer Schwenkbereich 0°/150°/360°,"Flexibler Schwenkbereich von 0°, 150° oder 360°","Der wählbare Schwenkbereich von 0°, 150° oder 360° ermöglicht eine Erweiterung des Bewegungsradius oder ein fixes Arretieren des Auslaufs.",
109,Selectable Swivel Range 90,https://cdn.cloud.grohe.com/zzh_i/F/FB_/ZZH_FB_SWIVELRANGE904C_000_01/original/1280/ZZH_FB_SWIVELRANGE904C_000_01.jpg,de,DE,Wählbarer Schwenkbereich 0°/90°/360°,"Flexibler Schwenkbereich von 0°, 90° oder 360°","Der wählbare Schwenkbereich von 0°, 90° oder 360° ermöglicht eine Erweiterung des Bewegungsradius oder ein fixes Arretieren des Auslaufs.",
110,Self-Cleaning Spray Arms,https://cdn.cloud.grohe.com/zzh_i/F/FB_/ZZH_FB_SELFCLEANINGARMS4C_000_01/original/1280/ZZH_FB_SELFCLEANINGARMS4C_000_01.jpg,de,DE,Selbstreinigende Duscharme,Hygienische Duscharme mit Selbstreinigung,Vertrauen Sie auf die Sauberkeit Ihres WCs – die automatisch selbstreinigenden Duscharme sorgen für maximale Hygiene.,
111,Shower Hose 1250 mm,https://cdn.cloud.grohe.com/zzh_i/T/TS_/ZZH_TS_SHOWERHOSE12504C_000_01/original/1280/ZZH_TS_SHOWERHOSE12504C_000_01.jpg,de,DE,Brauseschlauch 1250 mm,1250 mm Brauseschlauch,1250 mm Brauseschlauch,
112,Shower Hose 1500 mm,https://cdn.cloud.grohe.com/zzh_i/T/TS_/ZZH_TS_SHOWERHOSE15004C_000_01/original/1280/ZZH_TS_SHOWERHOSE15004C_000_01.jpg,de,DE,Brauseschlauch 1500 mm,1500 mm Brauseschlauch,1500 mm Brauseschlauch,
113,Shower Hose 1750 mm,https://cdn.cloud.grohe.com/zzh_i/T/TS_/ZZH_TS_SHOWERHOSE17504C_000_01/original/1280/ZZH_TS_SHOWERHOSE17504C_000_01.jpg,de,DE,Brauseschlauch 1750 mm,1750 mm Brauseschlauch,1750 mm Brauseschlauch,
114,SmartRain Spray,https://cdn.cloud.grohe.com/zzh_i/F/FB_/ZZH_FB_SMARTRAINSPRAY4C_000_01/original/1280/ZZH_FB_SMARTRAINSPRAY4C_000_01.jpg,de,DE,SmartRain Strahl,"Wasser­sparender, erfrischender Regenstrahl","Genießen Sie einen großzügigen, erfrischenden Wasserstrahl und sparen Sie Wasser. Die SmartRain-Technologie reduziert den Wasserverbrauch, ohne Komforteinbuße.",
115,Soft Close Seat,https://cdn.cloud.grohe.com/zzh_i/F/FB_/ZZH_FB_SOFTCLOSESEAT4C_000_01/original/1280/ZZH_FB_SOFTCLOSESEAT4C_000_01.jpg,de,DE,Soft Close Sitz,WC-Sitz und -Deckel mit Soft-Close,Sitz und Deckel schließen sanft und langsam – für ein ruhiges Bad ohne Knallgeräusche oder eingeklemmte Finger.,
116,Spray Face Cube 110mm,https://cdn.cloud.grohe.com/zzh_i/T/TS_/ZZH_TS_SPRAYFACECUBE1104C_000_01/original/1280/ZZH_TS_SPRAYFACECUBE1104C_000_01.jpg,de,DE,Eckiger Brauseboden 110 mm,110 mm quadratischer Brauseboden,110 mm quadratischer Brauseboden,
117,Spray Face Cube 130mm,https://cdn.cloud.grohe.com/zzh_i/T/TS_/ZZH_TS_SPRAYFACECUBE1304C_000_01/original/1280/ZZH_TS_SPRAYFACECUBE1304C_000_01.jpg,de,DE,Eckiger Brauseboden 130 mm,130 mm quadratischer Brauseboden,130 mm quadratischer Brauseboden,
118,Spray Face Cube 250mm,https://cdn.cloud.grohe.com/zzh_i/T/TS_/ZZH_TS_SPRAYFACECUBE2504C_000_01/original/1280/ZZH_TS_SPRAYFACECUBE2504C_000_01.jpg,de,DE,Eckiger Brauseboden 250 mm,250 mm quadratischer Brauseboden,250 mm quadratischer Brauseboden,
119,Spray Face Cube 310mm,https://cdn.cloud.grohe.com/zzh_i/T/TS_/ZZH_TS_SPRAYFACECUBE3104C_000_01/original/1280/ZZH_TS_SPRAYFACECUBE3104C_000_01.jpg,de,DE,Eckiger Brauseboden 310 mm,310 mm quadratischer Brauseboden,310 mm quadratischer Brauseboden,
120,Spray Face Round 110mm,https://cdn.cloud.grohe.com/zzh_i/T/TS_/ZZH_TS_SPRAYFACEROUND1104C_000_01/original/1280/ZZH_TS_SPRAYFACEROUND1104C_000_01.jpg,de,DE,Runder Brauseboden 110 mm,110 mm runder Brauseboden,110 mm runder Brauseboden,
121,Spray Face Round 115mm,https://cdn.cloud.grohe.com/zzh_i/T/TS_/ZZH_TS_SPRAYFACEROUND1154C_000_01/original/1280/ZZH_TS_SPRAYFACEROUND1154C_000_01.jpg,de,DE,Runder Brauseboden 115 mm,115 mm runder Brauseboden,115 mm runder Brauseboden,
122,Spray Face Round 130mm,https://cdn.cloud.grohe.com/zzh_i/T/TS_/ZZH_TS_SPRAYFACEROUND1304C_000_01/original/1280/ZZH_TS_SPRAYFACEROUND1304C_000_01.jpg,de,DE,Runder Brauseboden 130 mm,130 mm runder Brauseboden,130 mm runder Brauseboden,
123,Spray Face Round 150mm,https://cdn.cloud.grohe.com/zzh_i/T/TS_/ZZH_TS_SPRAYFACEROUND1504C_000_01/original/1280/ZZH_TS_SPRAYFACEROUND1504C_000_01.jpg,de,DE,Runder Brauseboden 150 mm,150 mm runder Brauseboden,150 mm runder Brauseboden,
124,Spray Face Round 210mm,https://cdn.cloud.grohe.com/zzh_i/T/TS_/ZZH_TS_SPRAYFACEROUND2104C_000_01/original/1280/ZZH_TS_SPRAYFACEROUND2104C_000_01.jpg,de,DE,Runder Brauseboden 210 mm,210 mm runder Brauseboden,210 mm runder Brauseboden,
125,Spray Face Round 250mm,https://cdn.cloud.grohe.com/zzh_i/T/TS_/ZZH_TS_SPRAYFACEROUND2504C_000_01/original/1280/ZZH_TS_SPRAYFACEROUND2504C_000_01.jpg,de,DE,Runder Brauseboden 250 mm,250 mm runder Brauseboden,250 mm runder Brauseboden,
126,Spray Face Round 260mm,https://cdn.cloud.grohe.com/zzh_i/T/TS_/ZZH_TS_SPRAYFACEROUND2604C_000_01/original/1280/ZZH_TS_SPRAYFACEROUND2604C_000_01.jpg,de,DE,Runder Brauseboden 260 mm,260 mm runder Brauseboden,260 mm runder Brauseboden,
127,Spray Face Round 310mm,https://cdn.cloud.grohe.com/zzh_i/T/TS_/ZZH_TS_SPRAYFACEROUND3104C_000_01/original/1280/ZZH_TS_SPRAYFACEROUND3104C_000_01.jpg,de,DE,Runder Brauseboden 310 mm,310 mm runder Brauseboden,310 mm runder Brauseboden,
128,Standard Spray,https://cdn.cloud.grohe.com/zzh_i/F/FB_/ZZH_FB_STANDARDSPRAY4C_000_01/original/1280/ZZH_FB_STANDARDSPRAY4C_000_01.jpg,de,DE,Standard Strahl,"Gleichmäßiger, erfrischender und vielseitiger Strahl","Klassischer, kräftiger Strahl – ideal für eine belebende tägliche Dusche.",
129,Trigger Control,https://cdn.cloud.grohe.com/zzh_i/F/FB_/ZZH_FB_TRIGGERCONTROL4C_000_01/original/1280/ZZH_FB_TRIGGERCONTROL4C_000_01.jpg,de,DE,Trigger Control,"Betätigung für einen präzisen, reinigenden Strahl","Intuitiver, präziser Strahl dank Betätigungstaste – perfekt für die Montage am WC oder Waschbecken.",
130,TrioMassage Spray,https://cdn.cloud.grohe.com/zzh_i/F/FB_/ZZH_FB_TRIOMASSAGESPRAY4C_000_01/original/1280/ZZH_FB_TRIOMASSAGESPRAY4C_000_01.jpg,de,DE,TrioMassage Strahl,Drei belebende Massagestrahlen,"Ob zur Entspannung oder Belebung – dieser Strahl erzeugt einen kräftigen, pulsierenden Dreifach-Massageeffekt für Kopf, Nacken und Schultern.",
131,TwistStop,https://cdn.cloud.grohe.com/zzh_i/F/FB_/ZZH_FB_TWISTSTOP4C_000_01/original/1280/ZZH_FB_TWISTSTOP4C_000_01.jpg,de,DE,TwistStop,Verdrehsicherer Anschluss am Brauseschlauch,"Genießen Sie eine Dusche ohne lästiges Verdrehen oder Knicken im Brauseschlauch, dank des clever konstruierten Anschlusses mit TwistStop-Funktion.",
132,Universal Mounting System,https://cdn.cloud.grohe.com/zzh_i/F/FB_/ZZH_FB_UNIVERSALMOUNTING4C_000_01/original/1280/ZZH_FB_UNIVERSALMOUNTING4C_000_01.jpg,de,DE,Universal-Montagesystem,Standardgewinde für einfache Montage,Passt auf alle Standardgewinde – für eine schnelle und einfache Installation.,
133,Vertical And Horizontal Mounting,https://cdn.cloud.grohe.com/zzh_i/F/FB_/ZZH_FB_VERHORMOUNT4C_000_01/original/1280/ZZH_FB_VERHORMOUNT4C_000_01.jpg,de,DE,Vertikale & horizontale Montage,Betätigungsplatte vertikal oder horizontal montierbar,Die Betätigungsplatte kann vertikal oder horizontal montiert werden – für flexible Installation und einfache Logoausrichtung.,
134,Wing Handles,https://cdn.cloud.grohe.com/zzh_i/F/FB_/ZZH_FB_WINGHANDLES4C_000_01/original/1280/ZZH_FB_WINGHANDLES4C_000_01.jpg,de,DE,Flügelgriffe,Flügelgriffe – griffig für nasse oder seifige Hände,Selbst mit nassen oder seifigen Händen lassen sich die ergonomischen Flügelgriffe leicht bedienen – für komfortable Bedienung.,
135,XL Size,https://cdn.cloud.grohe.com/zzh_i/T/TS_/ZZH_TS_XLSIZE4C_000_01/original/1280/ZZH_TS_XLSIZE4C_000_01.jpg,de,DE,XL-Size,"Extra hoher Auslauf, ideal für Aufsatzwaschbecken","Extra hoher Auslauf, ideal für Aufsatzwaschbecken",
136,GROHE PlasmaCluster ,https://cdn.cloud.grohe.com/zzh_i/A/AI_/ZZH_AI_PLASMACLUSTER4C_000_01/original/1280/ZZH_AI_PLASMACLUSTER4C_000_01.jpg,de,DE,GROHE PlasmaCluster ,Antibakterielle Ionen verhindern Keimwachstum,"Die GROHE PlasmaCluster-Technologie setzt im WC positive und negative Ionen frei, die Bakterien oxidieren und eliminieren – für ein hygienisches, keimfreies WC.",
137,GROHE DoubleVortex,https://cdn.cloud.grohe.com/zzh_i/F/FB_/ZZH_FB_DOUBLEVORTEX4C_000_01/original/1280/ZZH_FB_DOUBLEVORTEX4C_000_01.jpg,de,DE,GROHE DoubleVortex,Doppelte Spülkraft für mehr Hygiene,Zwei Wasserauslässe im Inneren der Schüssel erzeugen einen Wirbeleffekt mit doppelter Reinigungskraft für mehr Hygiene.,
138,GROHE EasyTouch,https://cdn.cloud.grohe.com/zzh_i/A/AI_/ZZH_AI_EASYTOUCH4C_000_01/original/1280/ZZH_AI_EASYTOUCH4C_000_01.jpg,de,DE,GROHE EasyTouch,Hygienische Durchflussaktivierung per Knopfdruck,"Halten Sie Ihre Küchenarmatur sauber  – starten und stoppen Sie den Wasserfluss durch einfaches Berühren des Handrückens, des Handgelenks oder des Ellbogens.",
139,GROHE Everstream,https://cdn.cloud.grohe.com/zzh_i/A/AI_/ZZH_AI_EVERSTREAM4C_000_01/original/1280/ZZH_AI_EVERSTREAM4C_000_01.jpg,de,DE,GROHE Everstream,Nachhaltiges Duschen durch Wasserzirkulation,"Reduzierter Verbrauch um bis zu 70 %! Everstream bietet frisches, sowie gereinigtes, wiedererhitztes Wasser – für lange Duschen, die trotzdem Ressourcen sparen.",
140,GROHE Rainshower Aqua Pure,https://cdn.cloud.grohe.com/zzh_i/A/AI_/ZZH_AI_AQUAPURE4C_000_01/original/1280/ZZH_AI_AQUAPURE4C_000_01.jpg,de,DE,GROHE Rainshower Aqua Pure,Aktivkohlefilter für ein reines Duscherlebnis,Verwöhnen Sie Haut und Haare mit reinem Wasser. Der Aktivkohlefilter reduziert Geruchspartikel wie Chlor im Wasser und erzeugt so ein reineres Duscherlebnis.,
141,GROHE AquaBooster,https://cdn.cloud.grohe.com/zzh_i/A/AI_/ZZH_AI_AQUABOOSTER4C_000_01/original/1280/ZZH_AI_AQUABOOSTER4C_000_01.jpg,de,DE,GROHE AquaBooster,"Intensiveres Duschen, weniger Wasserverbrauch","Erleben Sie ein intensives Duscherlebnis und sparen Sie gleichzeitig Wasser – der kraftvolle, belebende Strahl verwöhnt Sie selbst bei reduziertem Durchfluss.",
142,GROHE Heat Recovery ,#N/A,de,DE,GROHE HeatExchange,Energy-saving heat-recycling shower,"Save energy while you shower! GROHE Heat Recovery uses the hot water you have already showered with to heat the cold water supply, cutting bills by up to 48%.",
143,GROHE Silk Motion,#N/A,de,DE,GROHE SilkMotion,Fingertip-touch flush activation,Flushing is incredibly easy: simply activate the innovative SilkMotion panel on the flush plate with a gentle touch of your fingertips.,
144,Triple Spray,https://cdn.cloud.grohe.com/zzh_i/F/FB_/ZZH_FB_TRIPLESPRAY4C_000_01/original/1280/ZZH_FB_TRIPLESPRAY4C_000_01.jpg,de,DE,Triple Strahl,Wechsel zwischen 3 smarten Strahlarten,"Wählen Sie zwischen 3 Strahlarten: Jet-Reinigungsstrahl, spritzfreier Laminarduschstrahl und GROHE Blade, für bis zu 70 % weniger Wasserverbrauch.",
145,Pressure Resistance 12 bar,https://cdn.cloud.grohe.com/zzh_i/T/TS_/ZZH_TS_PRESSURERESISTANCE12BAR4C_000_01/original/1280/ZZH_TS_PRESSURERESISTANCE12BAR4C_000_01.jpg,de,DE,Druckbeständigkeit (12 bar),Druckbeständigkeit bis 12 bar,Druckbeständigkeit bis 12 bar,
146,Pressure Resistance 16 bar,https://cdn.cloud.grohe.com/zzh_i/T/TS_/ZZH_TS_PRESSURERESISTANCE16BAR4C_000_01/original/1280/ZZH_TS_PRESSURERESISTANCE16BAR4C_000_01.jpg,de,DE,Druckbeständigkeit (16 bar),Druckbeständigkeit bis 16 bar,Druckbeständigkeit bis 16 bar,
147,Digital,https://cdn.cloud.grohe.com/zzh_i/F/FB_/ZZH_FB_DIGITAL4C_000_01/original/1280/ZZH_FB_DIGITAL4C_000_01.jpg,de,DE,,,,
148,Odour Absorption,https://cdn.cloud.grohe.com/zzh_i/F/FB_/ZZH_FB_ODOURABSORPTION4C_000_01/original/1280/ZZH_FB_ODOURABSORPTION4C_000_01.jpg,de,DE,Geruchsabsorption,Entfernt und neutralisiert Gerüche,"Reduziert Gerüche effektiv dank doppelter Geruchskontrolle: Ein Luftbarriere hält Gerüche im Becken, während ein Aktivkohlefilter sie neutralisiert.",
149,Orientable Pipe,https://cdn.cloud.grohe.com/zzh_i/F/FB_/ZZH_FB_ORIENTABLEPIPE4C_000_01/original/1280/ZZH_FB_ORIENTABLEPIPE4C_000_01.jpg,de,DE,Drehbarer Ablaufbogen,90° drehbares WC-Abgangsrohr,"Dank 90°-Drehung ist der Anschluss für wandhängende WCs flexibel – passt problemlos, egal ob sich das Abflussrohr im Boden, an der Seite oder hinten befindet.",
150,Soft Shower Spray,https://cdn.cloud.grohe.com/zzh_i/T/TS_/ZZH_TS_SOFTSHOWERSPRAY4C_000_01/original/1280/ZZH_TS_SOFTSHOWERSPRAY4C_000_01.jpg,de,DE,Sanfter Brausestrahl,Sanfter WC-Strahl für schonende Reinigung,Sanfter WC-Strahl für schonende Reinigung,
151,Unlimited Warm Water,https://cdn.cloud.grohe.com/zzh_i/T/TS_/ZZH_TS_UNLIMITEDWARMWATER4C_000_01/original/1280/ZZH_TS_UNLIMITEDWARMWATER4C_000_01.jpg,de,DE,Unbegrenzt warmes Wasser,Konstante Warmwasserversorgung,Konstante Warmwasserversorgung,
152,Chain Waste Set,https://cdn.cloud.grohe.com/zzh_i/T/TS_/ZZH_TS_CHAINWASTESET4C_000_01/original/1280/ZZH_TS_CHAINWASTESET4C_000_01.jpg,de,DE,Ablaufstopfen mit Kette,"Sauberer, einziehbarer Kettenverschluss","Sauberer, einziehbarer Kettenverschluss",
153,GROHE FeatherControl,https://cdn.cloud.grohe.com/zzh_i/F/FB_/ZZH_FB_FEATHERCONTROL4C_000_01/original/1280/ZZH_FB_FEATHERCONTROL4C_000_01.jpg,de,DE,GROHE FeatherControl,Federleichte Joystick-Bedienung,"GROHE FeatherControl bietet dank modernster Keramikscheiben im Inneren eine präzise, mühelose Joystick-Bedienung von Durchfluss und Temperatur.",
154, Flexible Hose,https://cdn.cloud.grohe.com/zzh_i/F/FB_/ZZH_FB_FLEXIBLEHOSE4C_000_01/original/1280/ZZH_FB_FLEXIBLEHOSE4C_000_01.jpg,de,DE,Flexibler Schlauch,"Glatter, flexibler, leicht zu reinigender Schlauch","Der flexible Schlauch ist dank glatter Oberfläche hygienisch und leicht zu reinigen. Eine integrierte, um 360° drehbare Feder erhöht Reichweite und Flexibilität.",
155,Open Water Heater,https://cdn.cloud.grohe.com/zzh_i/T/TS_/ZZH_TS_OPENWATERHEATER4C_000_01/original/1280/ZZH_TS_OPENWATERHEATER4C_000_01.jpg,de,DE,Offener Warmwasserbereiter,Niederdruckarmatur für offene Warmwasserbereiter,Niederdruckarmatur für offene Warmwasserbereiter,
156,PreWindow,https://cdn.cloud.grohe.com/zzh_i/F/FB_/ZZH_FB_PREWINDOW4C_000_01/original/1280/ZZH_FB_PREWINDOW4C_000_01.jpg,de,DE,PreWindow,Leicht abnehmbare Armatur für schnelle Fensteröffnung,"Ideal für die Montage vor Fenstern: Die Armatur lässt sich einfach herausnehmen und auf der Arbeitsfläche ablegen, um das Fenster zu öffnen oder zu schließen.",
157,Shut-Off Valve,https://cdn.cloud.grohe.com/zzh_i/F/FB_/ZZH_FB_SHUTOFFVALVE4C_000_01/original/1280/ZZH_FB_SHUTOFFVALVE4C_000_01.jpg,de,DE,Absperrventil,Sichere Absperrung für Spül- und Waschmaschine,Ein Ventil ermöglicht das schnelle und sichere Absperren der Wasserzufuhr für Spül- oder Waschmaschine und schützt vor Wasserschäden.,
158,XS Size,https://cdn.cloud.grohe.com/zzh_i/T/TS_/ZZH_TS_XSSIZE4C_000_01/original/1280/ZZH_TS_XSSIZE4C_000_01.jpg,de,DE,XS-Size,"Kleiner Auslauf, ideal für kleine Waschbecken","Kleiner Auslauf, ideal für kleine Waschbecken",
159,Anti Fingerprint,https://cdn.cloud.grohe.com/zzh_i/F/FB_/ZZH_FB_ANTIFINGERPRINT4C_000_01/original/1280/ZZH_FB_ANTIFINGERPRINT4C_000_01.jpg,de,DE,Anti Fingerabdruck,Anti-Fingerprint Oberfläche – weniger Reinigung,"Weniger Reinigung dank spezieller Anti-Fingerprint-Beschichtung, die Abdrücke und Schmierflecken verhindert und Oberflächen makellos hält.",
160,Bluetooth,https://cdn.cloud.grohe.com/zzh_i/F/FB_/ZZH_FB_BLUETOOTH4C_000_01/original/1280/ZZH_FB_BLUETOOTH4C_000_01.jpg,de,DE,Bluetooth,Smarte Bedienung per Bluetooth,Steuern Sie Ihr Wassersystem über Bluetooth für maximale Flexibilität und komfortable Bedienung.,
161,GROHE User Profile,https://cdn.cloud.grohe.com/zzh_i/F/FB_/ZZH_FB_USERPROFILE4C_000_01/original/1280/ZZH_FB_USERPROFILE4C_000_01.jpg,de,DE,GROHE User Profile,,#N/A,
162,120mm Centre Distance,https://cdn.cloud.grohe.com/zzh_i/T/TS_/ZZH_TS_CENTREDISTANCE1204C_000_01/original/1280/ZZH_TS_CENTREDISTANCE1204C_000_01.jpg,de,DE,120mm Stichmaß,Geeignet für ein Stichmass von 120 mm,Geeignet für ein Stichmass von 120 mm,
163,153mm Centre Distance,https://cdn.cloud.grohe.com/zzh_i/T/TS_/ZZH_TS_CENTREDISTANCE1534C_000_01/original/1280/ZZH_TS_CENTREDISTANCE1534C_000_01.jpg,de,DE,153mm Stichmaß,Geeignet für ein Stichmass von 153 mm,Geeignet für ein Stichmass von 153 mm,
164,160cc Centere Distance,https://cdn.cloud.grohe.com/zzh_i/T/TS_/ZZH_TS_CENTREDISTANCE1604C_000_01/original/1280/ZZH_TS_CENTREDISTANCE1604C_000_01.jpg,de,DE,,,,
165,40cc Centre Distance,https://cdn.cloud.grohe.com/zzh_i/T/TS_/ZZH_TS_CENTREDISTANCE404C_000_01/original/1280/ZZH_TS_CENTREDISTANCE404C_000_01.jpg,de,DE,,,,
166,43mm Slim Thermostat,https://cdn.cloud.grohe.com/zzh_i/T/TS_/ZZH_TS_SLIMTHERMOSTAT4C_000_01/original/1280/ZZH_TS_SLIMTHERMOSTAT4C_000_01.jpg,de,DE,Slim Thermostat,Elegantes Design mit schlankem 43-mm-Profil,Elegantes Design mit schlankem 43-mm-Profil,
167,6 Sprays,https://cdn.cloud.grohe.com/zzh_i/T/TS_/ZZH_TS_6SPRAYS4C_000_01/original/1280/ZZH_TS_6SPRAYS4C_000_01.jpg,de,DE,6 Strahlarten,Brause mit 6 verschiedenen Strahlarten,Brause mit 6 verschiedenen Strahlarten,
168,Aqua Curtain,https://cdn.cloud.grohe.com/zzh_i/F/FB_/ZZH_FB_AQUACURTAIN4C_000_01/original/1280/ZZH_FB_AQUACURTAIN4C_000_01.jpg,de,DE,Aqua Curtain,Umhüllender Wasservorhang,Tauchen Sie ein in ein luxuriöses Wassererlebnis mit dem umhüllenden Aqua-Curtain-Strahl.,
169,Bath Rim Pull-Out,https://cdn.cloud.grohe.com/zzh_i/T/TS_/ZZH_TS_BATHRIMPULLOUT4C_000_01/original/1280/ZZH_TS_BATHRIMPULLOUT4C_000_01.jpg,de,DE,Wannenrand-Auszug,Ausziehbare Handbrause für die Badewanne,Ausziehbare Handbrause für die Badewanne,
170,Bokoma Spray,https://cdn.cloud.grohe.com/zzh_i/F/FB_/ZZH_FB_BOKOMASPRAY4C_000_01/original/1280/ZZH_FB_BOKOMASPRAY4C_000_01.jpg,de,DE,Bokoma Strahl,Dynamischer Kopf- und Nacken-Massagestrahl,"Beleben Sie Kopf und Nacken unter der Dusche mit GROHE Bokoma: Ein „atmender“ Effekt, bei dem 8 Düsen einmal pro Sekunde öffnen und schließen.",
171,Drizzle Spray,https://cdn.cloud.grohe.com/zzh_i/F/FB_/ZZH_FB_DRIZZLESPRAY4C_000_01/original/1280/ZZH_FB_DRIZZLESPRAY4C_000_01.jpg,de,DE,Drizzle Strahl,Sanfter Nebel-Duschstrahl,Sanft und erfrischend wie leichter Nebel: Der GROHE Drizzle-Strahl ist ein sanfter Start in den Tag.,
172,LongLife Head Parts,https://cdn.cloud.grohe.com/zzh_i/F/FB_/ZZH_FB_LONGLIFEHEADPARTS4C_000_01/original/1280/ZZH_FB_LONGLIFEHEADPARTS4C_000_01.jpg,de,DE,LongLife Oberteile,Langlebige Ventile für eine zuverlässige Bedienung,"Hochwertige, langlebige GROHE Ventile im Inneren sorgen für eine dauerhaft präzise und zuverlässige Bedienung.",
173,Hose For Pull-Out Shower,https://cdn.cloud.grohe.com/zzh_i/T/TS_/ZZH_TS_PULLOUTSHOWERHOSE4C_000_01/original/1280/ZZH_TS_PULLOUTSHOWERHOSE4C_000_01.jpg,de,DE,Schlauch für Ausziehbrause,Ausziehbarer Schlauch für Badewannen-Handbrausen,Ausziehbarer Schlauch für Badewannen-Handbrausen,
174,Metal Hand Shower,https://cdn.cloud.grohe.com/zzh_i/T/TS_/ZZH_TS_METALHANDSHOWER4C_000_01/original/1280/ZZH_TS_METALHANDSHOWER4C_000_01.jpg,de,DE,Handbrause aus Metall,"Langlebige, solide Handbrause aus Metall","Langlebige, solide Handbrause aus Metall",
175,Metal Plate,https://cdn.cloud.grohe.com/zzh_i/T/TS_/ZZH_TS_METALPLATE4C_000_01/original/1280/ZZH_TS_METALPLATE4C_000_01.jpg,de,DE,Platte aus Metall,"Hochwertige, solide Wandplatte aus Metall","Hochwertige, solide Wandplatte aus Metall",
176,Metal Shower Head,https://cdn.cloud.grohe.com/zzh_i/T/TS_/ZZH_TS_METALSHOWERHEAD4C_000_01/original/1280/ZZH_TS_METALSHOWERHEAD4C_000_01.jpg,de,DE,Kopfbrause aus Metall,Duschkopf aus massivem Metall,Duschkopf aus massivem Metall,
177,Metal Shower Hose,https://cdn.cloud.grohe.com/zzh_i/T/TS_/ZZH_TS_METALSHOWERHOSE4C_000_01/original/1280/ZZH_TS_METALSHOWERHOSE4C_000_01.jpg,de,DE,Brauseschlauch aus Metall,Hochwertiger Duschschlauch aus Metall,Hochwertiger Duschschlauch aus Metall,
178,Pure Spray,https://cdn.cloud.grohe.com/zzh_i/F/FB_/ZZH_FB_PURESPRAY4C_000_01/original/1280/ZZH_FB_PURESPRAY4C_000_01.jpg,de,DE,Pure Strahl,"Reiner, unverfälschter Wasserstrahl","Genießen Sie die sanfte Intensität des Pure Strahl, der aus der Mitte des Duschkopfes kommt, für ein einzigartig entspannendes Gefühl auf Ihrer Haut.",
179,Pure XL Spray,https://cdn.cloud.grohe.com/zzh_i/F/FB_/ZZH_FB_PUREXLSPRAY4C_000_01/original/1280/ZZH_FB_PUREXLSPRAY4C_000_01.jpg,de,DE,PureXL Strahl,"Extra großer, zentraler Wasserstrahl",Rein und weich: Pure XL ist ein besonders großzügiger Wasserstrahl direkt aus der Mitte des Duschkopfs – erfrischend wie eine Bergquelle.,
180,Spray Face Round 100mm,https://cdn.cloud.grohe.com/zzh_i/T/TS_/ZZH_TS_SPRAYFACEROUND1004C_000_01/original/1280/ZZH_TS_SPRAYFACEROUND1004C_000_01.jpg,de,DE,Runder Brauseboden 100 mm,100 mm runder Brauseboden,100 mm runder Brauseboden,
181,Spray Face Round 400mm,https://cdn.cloud.grohe.com/zzh_i/T/TS_/ZZH_TS_SPRAYFACEROUND4004C_000_01/original/1280/ZZH_TS_SPRAYFACEROUND4004C_000_01.jpg,de,DE,Runder Brauseboden 400 mm,400 mm runder Brauseboden,400 mm runder Brauseboden,
182,Shower Hose 1000mm,https://cdn.cloud.grohe.com/zzh_i/T/TS_/ZZH_TS_SHOWERHOSE10004C_000_01/original/1280/ZZH_TS_SHOWERHOSE10004C_000_01.jpg,de,DE,Brauseschlauch 1000 mm,1000 mm Brauseschlauch,1000 mm Brauseschlauch,
183,Shower Hose 2000mm,https://cdn.cloud.grohe.com/zzh_i/T/TS_/ZZH_TS_SHOWERHOSE20004C_000_01/original/1280/ZZH_TS_SHOWERHOSE20004C_000_01.jpg,de,DE,Brauseschlauch 2000 mm,2000 mm Brauseschlauch,2000 mm Brauseschlauch,
184,Shower Hose 500mm,https://cdn.cloud.grohe.com/zzh_i/T/TS_/ZZH_TS_SHOWERHOSE5004C_000_01/original/1280/ZZH_TS_SHOWERHOSE5004C_000_01.jpg,de,DE,Brauseschlauch 500 mm,500 mm Brauseschlauch,500 mm Brauseschlauch,
185,Waterfall,https://cdn.cloud.grohe.com/zzh_i/F/FB_/ZZH_FB_WATERFALL4C_000_01/original/1280/ZZH_FB_WATERFALL4C_000_01.jpg,de,DE,Waterfall,Erzeugt einen kaskadenartigen Wasserfall,Erleben Sie das Wasser in seiner ganzen Schönheit: Die extraweite Öffnung erzeugt einen großzügigen Wasserfall-Effekt.,
186,Adjustable Wall Holder,https://cdn.cloud.grohe.com/zzh_i/F/FB_/ZZH_FB_ADJUSTABLEWALLHOLDER4C_000_01/original/1280/ZZH_FB_ADJUSTABLEWALLHOLDER4C_000_01.jpg,de,DE,Verstellbarer Wandhalter,Drehbarer Handbrausehalter für den besten Winkel,"Der Halterwinkel lässt sich leicht einstellen, um die Handbrause genau nach Wunsch zu positionieren.",
187,Lead Free Compliant,https://cdn.cloud.grohe.com/zzh_i/F/FB_/ZZH_FB_LEADFREECOMPLIANT4C_000_01/original/1280/ZZH_FB_LEADFREECOMPLIANT4C_000_01.jpg,de,DE,Bleifrei konform,Kein Wasserkontakt mit Blei im Inneren der Armatur,Die fortschrittliche innere Isolierrung hält das Wasser in der Armatur bleifrei – in Übereinstimmung mit den Vorschriften zur Wassersicherheit.,
188,Heated Seat,https://cdn.cloud.grohe.com/zzh_i/F/FB_/ZZH_FB_HEATEDSEAT4C_000_01/original/1280/ZZH_FB_HEATEDSEAT4C_000_01.jpg,de,DE,Beheizter Sitz,Angenehm beheizter WC-Sitz,Genießen Sie den sanften Komfort eines beheizten WC-Sitzes – für ein angenehmes Gefühl selbst bei kalten Temperaturen.,
189,UK Standard Connection,https://cdn.cloud.grohe.com/zzh_i/T/TS_/ZZH_TS_HALFINCHCONNECTION4C_000_01/original/1280/ZZH_TS_HALFINCHCONNECTION4C_000_01.jpg,de,DE,Halbzoll-Anschluss,Anschluss für ein ½-Zoll-Eckventil,Anschluss für ein ½-Zoll-Eckventil,
190,Low Flow Rate,https://cdn.cloud.grohe.com/zzh_i/F/FB_/ZZH_FB_LOWFLOWRATE4C_000_01/original/1280/ZZH_FB_LOWFLOWRATE4C_000_01.jpg,de,DE,Niedrige Durchflussrate,Niedrige Durchflussmenge für höchste Effizienz,"Spart wertvolle Ressourcen und Kosten: Der Strahlregler begrenzt den Wasserverbrauch auf einen besonders nachhaltigen Durchfluss von max. 3,5 l/min (bei 3 bar).",
191,GROHE DripStop,#N/A,de,DE,GROHE DripStop,,,
192,2 Years Guarantee,https://cdn.cloud.grohe.com/zzh_i/M/ME_/ZZH_ME_TWOYEARS4C_000_01/original/1280/ZZH_ME_TWOYEARS4C_000_01.jpg,de,DE,2 Jahre Garantie*,* Details zur Garantie finden Sie unter [URL],* Details zur Garantie finden Sie unter [URL],
193,2 Plus 1 Years Guarantee,https://cdn.cloud.grohe.com/zzh_i/M/ME_/ZZH_ME_TWOPLUSONEYEAR4C_000_01/original/1280/ZZH_ME_TWOPLUSONEYEAR4C_000_01.jpg,de,DE,2+1 Jahre verlängerte Garantie*,* Details zur Garantie finden Sie unter [URL],* Details zur Garantie finden Sie unter [URL],
194,5 Years Guarantee,https://cdn.cloud.grohe.com/zzh_i/M/ME_/ZZH_ME_FIVEYEARS4C_000_01/original/1280/ZZH_ME_FIVEYEARS4C_000_01.jpg,de,DE,5 Jahre Garantie*,* Details zur Garantie finden Sie unter [URL],* Details zur Garantie finden Sie unter [URL],
195,5 Plus 1 Years Guarantee,https://cdn.cloud.grohe.com/zzh_i/M/ME_/ZZH_ME_FIVEPLUSONEYEAR4C_000_01/original/1280/ZZH_ME_FIVEPLUSONEYEAR4C_000_01.jpg,de,DE,5+1 Jahre verlängerte Garantie*,* Details zur Garantie finden Sie unter [URL],* Details zur Garantie finden Sie unter [URL],
196,5 Plus 2 Years Guarantee,https://cdn.cloud.grohe.com/zzh_i/M/ME_/ZZH_ME_FIVEPLUSTWOYEARS4C_000_01/original/1280/ZZH_ME_FIVEPLUSTWOYEARS4C_000_01.jpg,de,DE,5+2 Jahre verlängerte Garantie*,* Details zur Garantie finden Sie unter [URL],* Details zur Garantie finden Sie unter [URL],
197,10 Years Guarantee,https://cdn.cloud.grohe.com/zzh_i/M/ME_/ZZH_ME_TENYEARS4C_000_01/original/1280/ZZH_ME_TENYEARS4C_000_01.jpg,de,DE,10 Jahre Garantie*,* Details zur Garantie finden Sie unter [URL],* Details zur Garantie finden Sie unter [URL],
198,10 Years Spare Parts Availability,https://cdn.cloud.grohe.com/zzh_i/M/ME_/ZZH_ME_TENYEARSSPAREPARTS4C_000_01/original/1280/ZZH_ME_TENYEARSSPAREPARTS4C_000_01.jpg,de,DE,10 Jahre Ersatzteilverfügbarkeit*,* Details zur Verfügbarkeit finden Sie unter [URL],* Details zur Verfügbarkeit finden Sie unter [URL],
199,15 Years Spare Parts Availability,https://cdn.cloud.grohe.com/zzh_i/M/ME_/ZZH_ME_FIFTEENYEARSSPAREPARTS4C_000_01/original/1280/ZZH_ME_FIFTEENYEARSSPAREPARTS4C_000_01.jpg,de,DE,15 Jahre Ersatzteilverfügbarkeit*,* Details zur Verfügbarkeit finden Sie unter [URL],* Details zur Verfügbarkeit finden Sie unter [URL],
200,Bacteria Reduction,https://cdn.cloud.grohe.com/zzh_i/F/FB_/ZZH_FB_BACTERIAREDUCTION4C_000_01/original/1280/ZZH_FB_BACTERIAREDUCTION4C_000_01.jpg,de,DE,Bacteria Reduction,"99,999% of bacteria are filtered out",The Ultrasafe membrane captures 99.999% of bacteria. It forms a barrier to harmful micro-organisms and guarantees total purity and ultimate hygiene.,
201,Automatic Pressure Release,,de,DE,Automatic Pressure Release,#N/A,#N/A,
202,Child Lock,https://cdn.cloud.grohe.com/zzh_i/F/FB_/ZZH_FB_CHILDLOCK4C_000_01/original/1280/ZZH_FB_CHILDLOCK4C_000_01.jpg,de,DE,Child Lock,Childproof safety handle to activate boiling water,The independently certified childproof lock requires a two-step movement of the left handle to activate boiling hot water flow.,
203,Chlorine Reduction,https://cdn.cloud.grohe.com/zzh_i/F/FB_/ZZH_FB_CHLORINEREDUCTION4C_000_01/original/1280/ZZH_FB_CHLORINEREDUCTION4C_000_01.jpg,de,DE,Chlorine Reduction,"Reduces chlorine, improves taste","Activated carbon filtration significantly reduces substances such as chlorine, for drinking water with a pure taste and no unpleasant odour.",
204,Detachable Nozzle,,de,DE,Detachable Nozzle,#N/A,#N/A,
205,Easy Connection,,de,DE,Easy Connection,#N/A,#N/A,
206,GROHE CO2 Display,https://cdn.cloud.grohe.com/zzh_i/F/FB_/ZZH_FB_CO2DISPLAY4C_000_01/original/1280/ZZH_FB_CO2DISPLAY4C_000_01.jpg,de,DE,GROHE CO2 Display,Easy-to-read CO₂ capacity,"The integrated display clearly shows the remaining capacity in the CO₂ bottle, allowing you to track use and order replacements easily and reliably.",
207,GROHE CO2 Level Preset,https://cdn.cloud.grohe.com/zzh_i/F/FB_/ZZH_FB_CO2LEVELPRESET4C_000_01/original/1280/ZZH_FB_CO2LEVELPRESET4C_000_01.jpg,de,DE,GROHE CO2 Level Preset,Set CO₂ levels with a turn,"Select your preferred carbonisation level – soft, medium or sparkling – via a simple preset dial.",
208,GROHE One-push Carbonisation,https://cdn.cloud.grohe.com/zzh_i/F/FB_/ZZH_FB_ONEPUSHCARBONISATION4C_000_01/original/1280/ZZH_FB_ONEPUSHCARBONISATION4C_000_01.jpg,de,DE,GROHE One-push Carbonisation,Push once to carbonate,"Preset your desired CO₂ level, then start the fizz flowing instantly with simple, reliable one-push technology.",
209,GROHE Smartphone App,https://cdn.cloud.grohe.com/zzh_i/F/FB_/ZZH_FB_SMARTPHONEAPP4C_000_01/original/1280/ZZH_FB_SMARTPHONEAPP4C_000_01.jpg,de,DE,GROHE Smartphone App,Easy control via smartphone,Download the GROHE App to set up and control this GROHE product with your smartphone.,
210,Heavy Metals Reduction,https://cdn.cloud.grohe.com/zzh_i/F/FB_/ZZH_FB_HEAVYMETALSREDUCTION4C_000_01/original/1280/ZZH_FB_HEAVYMETALSREDUCTION4C_000_01.jpg,de,DE,Heavy Metals Reduction,Reduces undesireable particles,"Enjoy peace of mind that water is filtered, significantly reducing fine particles, heavy metals and other substances that can affect human health.",
211,Lead Reduction,https://cdn.cloud.grohe.com/zzh_i/F/FB_/ZZH_FB_LEADREDUCTION4C_000_01/original/1280/ZZH_FB_LEADREDUCTION4C_000_01.jpg,de,DE,Lead Reduction,Removes up to 99.5% of lead,Removes lead in the water – often caused by old pipes – that can be harmful to human health by up to 99.5%.,
212,Lime Reduction,https://cdn.cloud.grohe.com/zzh_i/F/FB_/ZZH_FB_LIMEREDUCTION4C_000_01/original/1280/ZZH_FB_LIMEREDUCTION4C_000_01.jpg,de,DE,Lime Reduction,Reduces lime for enhanced taste,"This filter significantly reduces the lime content of drinking water, improving the taste as well as extending the life of your household appliances.",
213,Multi Push Carbonization,,de,DE,Multi Push Carbonization,#N/A,#N/A,
214,Particle Filtration,https://cdn.cloud.grohe.com/zzh_i/F/FB_/ZZH_FB_PARTICLEFILTRATION4C_000_01/original/1280/ZZH_FB_PARTICLEFILTRATION4C_000_01.jpg,de,DE,Particle Filtration,Enhanced water quality,"Particle filtration removes unwanted materials and impurities like coarse particles, so you can enjoy an enhanced drinking water quality from the tap.",
215,Reverse Osmosis,https://cdn.cloud.grohe.com/zzh_i/F/FB_/ZZH_FB_REVERSEOSMOSIS4C_000_01/original/1280/ZZH_FB_REVERSEOSMOSIS4C_000_01.jpg,de,DE,Reverse Osmosis,"Filters bacteria, viruses, hormones and nitrates","Reverse Osmosis filters out significant levels of bacteria, viruses, pharmaceutical residues, hormones, and nitrates, for safe drinking water.",
216,Separated Inner Water Ways,https://cdn.cloud.grohe.com/zzh_i/F/FB_/ZZH_FB_SEPARATEDINNERWATERWAYS4C_000_01/original/1280/ZZH_FB_SEPARATEDINNERWATERWAYS4C_000_01.jpg,de,DE,Separated Inner Water Ways,No mixing of filtered water,Separated inner waterways ensure filtered drinking water and standard water never mix inside the tap.,
217,Silent Cooling,https://cdn.cloud.grohe.com/zzh_i/F/FB_/ZZH_FB_SILENTCOOLING4C_000_01/original/1280/ZZH_FB_SILENTCOOLING4C_000_01.jpg,de,DE,Silent Cooling,Very quiet standby cooling below 30 db(A),Improved cooling technology for quieter cooling – ideal for open-plan kitchens – with standby cooling sound levels below 30 db(A),
218,Stainless Steel Nozzle,,de,DE,Stainless Steel Nozzle,#N/A,,
219,Virus And Bacteria Reduction,https://cdn.cloud.grohe.com/zzh_i/F/FB_/ZZH_FB_VIRUSBACTERIAREDUCTION4C_000_01/original/1280/ZZH_FB_VIRUSBACTERIAREDUCTION4C_000_01.jpg,de,DE,Virus And Bacteria Reduction,Health-protecting filtered water,"The Reverse Osmosis filter significantly reduces bacteria, viruses and hormones which can cause diseases and may be risky to a human health.",
220,1 Plus 1 Spray Type,https://cdn.cloud.grohe.com/zzh_i/T/TS_/ZZH_TS_1PLUS1SPRAYTYPE4C_000_01/original/1280/ZZH_TS_1PLUS1SPRAYTYPE4C_000_01.jpg,de,DE,1 Plus 1 Strahlart,Kopf- und Handbrause mit einer Strahlart,Kopf- und Handbrause mit einer Strahlart,
221,1 Plus 4 Spray Types,https://cdn.cloud.grohe.com/zzh_i/T/TS_/ZZH_TS_1PLUS4SPRAYTYPES4C_000_01/original/1280/ZZH_TS_1PLUS4SPRAYTYPES4C_000_01.jpg,de,DE,1 Plus 4 Strahlarten,"Kopfbrause: 1 Strahlart, Handbrause: 4 Strahlarten","Kopfbrause: 1 Strahlart, Handbrause: 4 Strahlarten",
222,4 Sprays,https://cdn.cloud.grohe.com/zzh_i/T/TS_/ZZH_TS_4SPRAYS4C_000_01/original/1280/ZZH_TS_4SPRAYS4C_000_01.jpg,de,DE,4 Strahlarten,Brause mit 4 verschiedenen Strahlarten,Brause mit 4 verschiedenen Strahlarten,
223,Champagne Spray,https://cdn.cloud.grohe.com/zzh_i/F/FB_/ZZH_FB_CHAMPAGNESPRAY4C_000_01/original/1280/ZZH_FB_CHAMPAGNESPRAY4C_000_01.jpg,de,DE,Champagner Strahl,"Sanfter, luftangereicherter Strahl","Sanft und luxuriös: Mit Luft angereicherte Wassertropfen bilden den Champagne-Strahl, der weniger Wasser benötigt, aber ein großzügiges Duscherlebnis bietet.",
224,2 Plus 4 Spray Types,https://cdn.cloud.grohe.com/zzh_i/T/TS_/ZZH_TS_2PLUS4SPRAYTYPES4C_000_01/original/1280/ZZH_TS_2PLUS4SPRAYTYPES4C_000_01.jpg,de,DE,2 Plus 4 Strahlarten,"Kopfbrause: 2 Strahlarten, Handbrause: 4 Strahlarten","Kopfbrause: 2 Strahlarten, Handbrause: 4 Strahlarten",
225,3 Plus 1 Spray Type,https://cdn.cloud.grohe.com/zzh_i/T/TS_/ZZH_TS_3PLUS1SPRAYTYPE4C_000_01/original/1280/ZZH_TS_3PLUS1SPRAYTYPE4C_000_01.jpg,de,DE,3 Plus 1 Strahlarten,"Kopfbrause: 3 Strahlarten, Handbrause: 1 Strahlart","Kopfbrause: 3 Strahlarten, Handbrause: 1 Strahlart",
226,3 Plus 2 Spray Types,https://cdn.cloud.grohe.com/zzh_i/T/TS_/ZZH_TS_3PLUS2SPRAYTYPES4C_000_01/original/1280/ZZH_TS_3PLUS2SPRAYTYPES4C_000_01.jpg,de,DE,3 Plus 2 Strahlarten,"Kopfbrause: 3 Strahlarten, Handbrause: 2 Strahlarten","Kopfbrause: 3 Strahlarten, Handbrause: 2 Strahlarten",
227,Spray Face Cube 150 mm,https://cdn.cloud.grohe.com/zzh_i/T/TS_/ZZH_TS_SPRAYFACECUBE1504C_000_01/original/1280/ZZH_TS_SPRAYFACECUBE1504C_000_01.jpg,de,DE,Eckiger Brauseboden 150 mm,150 mm quadratischer Brauseboden,150 mm quadratischer Brauseboden,
228,Spray Face Cube 230 mm,https://cdn.cloud.grohe.com/zzh_i/T/TS_/ZZH_TS_SPRAYFACECUBE2304C_000_01/original/1280/ZZH_TS_SPRAYFACECUBE2304C_000_01.jpg,de,DE,Eckiger Brauseboden 230 mm,230 mm quadratischer Brauseboden,230 mm quadratischer Brauseboden,
229,Spray Face Round 160 mm,https://cdn.cloud.grohe.com/zzh_i/T/TS_/ZZH_TS_SPRAYFACEROUND1604C_000_01/original/1280/ZZH_TS_SPRAYFACEROUND1604C_000_01.jpg,de,DE,Runder Brauseboden 160 mm,160 mm runder Brauseboden,160 mm runder Brauseboden,
230,Microplastic Reduction,https://cdn.cloud.grohe.com/zzh_i/F/FB_/ZZH_FB_MICROPLASTICREDUCTION4C_000_01/original/1280/ZZH_FB_MICROPLASTICREDUCTION4C_000_01.jpg,de,DE,Microplastic Reduction,Extra-fine membrane filtration,"The filter membrane captures even the smallest particles like microplastic (> 1µm), resulting in purest drinking water.",
231,Wireless Connectivity,https://cdn.cloud.grohe.com/zzh_i/F/FB_/ZZH_FB_WIRELESSCONNECTIVITY4C_000_01/original/1280/ZZH_FB_WIRELESSCONNECTIVITY4C_000_01.jpg,de,DE,Wireless Connectivity,Remote control via smartphone,Download the GROHE App to set up and control this GROHE product with your smartphone via Bluetooth or WIFI.,
232,Mineralisation,https://cdn.cloud.grohe.com/zzh_i/F/FB_/ZZH_FB_MINERALISATION4C_000_01/original/1280/ZZH_FB_MINERALISATION4C_000_01.jpg,de,DE,Mineralisation,Supply of minerals for better taste and well-being,This GROHE Blue Filter enhances the aroma and taste of your water and enriches it with selected minerals for your well-being and vitality.,
233,Taste Refinement,https://cdn.cloud.grohe.com/zzh_i/F/FB_/ZZH_FB_TASTEREFINEMENT4C_000_01/original/1280/ZZH_FB_TASTEREFINEMENT4C_000_01.jpg,de,DE,Taste Refinement,"Enhanced, pure-tasting table water",GROHE Blue turns ordinary tap water into a premium table-ready drinking water with a wonderful pure taste.,
234,Booster Spray,https://cdn.cloud.grohe.com/zzh_i/F/FB_/ZZH_FB_BOOSTERSPRAY4C_000_01/original/1280/ZZH_FB_BOOSTERSPRAY4C_000_01.jpg,de,DE,Booster Spray,More power from less water,Boost your shower experience with a smart oscillating and invigorating spray pattern that intesifies the flow while using less water.,
235,Spray Face Round 120 mm,https://cdn.cloud.grohe.com/zzh_i/T/TS_/ZZH_TS_SPRAYFACEROUND1204C_000_01/original/1280/ZZH_TS_SPRAYFACEROUND1204C_000_01.jpg,de,DE,Runder Brauseboden 120 mm,120 mm runder Brauseboden,120 mm runder Brauseboden,
236,Spray Face Round 140 mm,https://cdn.cloud.grohe.com/zzh_i/T/TS_/ZZH_TS_SPRAYFACEROUND1404C_000_01/original/1280/ZZH_TS_SPRAYFACEROUND1404C_000_01.jpg,de,DE,Runder Brauseboden 140 mm,140 mm runder Brauseboden,140 mm runder Brauseboden,
237,Spray Face Cube 140 mm,https://cdn.cloud.grohe.com/zzh_i/T/TS_/ZZH_TS_SPRAYFACECUBE1404C_000_01/original/1280/ZZH_TS_SPRAYFACECUBE1404C_000_01.jpg,de,DE,Eckiger Brauseboden 140 mm,140 mm quadratischer Brauseboden,140 mm quadratischer Brauseboden,
238,Metal Shower Face,https://cdn.cloud.grohe.com/zzh_i/T/TS_/ZZH_TS_METALSHOWERFACE4C_000_01/original/1280/ZZH_TS_METALSHOWERFACE4C_000_01.jpg,de,DE,Metal Shower Face,Solid metal shower face,Solid metal shower face,
239,InfinaBright,,de,DE,,,,
240,PowerFlush,,de,DE,,,,
241,Spare Parts Delivery Guarantee*,https://cdn.cloud.grohe.com/zzh_i/M/ME_/ZZH_ME_48HSPAREPARTS4C_000_01/original/1280/ZZH_ME_48HSPAREPARTS4C_000_01.jpg,de,DE,Spare Parts Delivery Guarantee*,* Details zur Garantie finden Sie unter [URL],,
242,5+5 Years Extended Guarantee*,https://cdn.cloud.grohe.com/zzh_i/M/ME_/ZZH_ME_FIVEPLUSFIVEYEARS4C_000_01/original/1280/ZZH_ME_FIVEPLUSFIVEYEARS4C_000_01.jpg,de,DE,5+5 Years Extended Guarantee*,* Details zur Garantie finden Sie unter [URL],,
243,,#N/A,de,DE,,,,